,hookload,depth,friction_factor,torque,rig_state
0,324.69589824316887,17407.51,0.0,0.0,off_bottom_static
1,359.0623372373515,17407.51,0.15,6.469791480560693,off_bottom_POOH
2,414.1536818510348,17407.51,0.3,16.826293592086543,off_bottom_POOH
3,502.3864182738369,17407.51,0.45,33.397617024650096,off_bottom_POOH
4,291.3473096296373,17407.51,-0.15,6.278926415935548,off_bottom_RIH
5,244.12052753378754,17407.51,-0.3,15.160804634131626,off_bottom_RIH
6,171.61671855710983,17407.51,-0.45,28.782935446327887,off_bottom_RIH
7,358.5905125448392,17407.51,0.15,6.381031510409086,off_bottom_ROB
8,408.4801763795582,17407.51,0.3,15.760214478524732,off_bottom_ROB
9,475.30761651205484,17407.51,0.45,28.312952862211368,off_bottom_ROB
10,324.4809747464242,17207.423678160918,0.0,0.0,off_bottom_static
11,358.4097922560556,17207.423678160918,0.15,6.387475979414461,off_bottom_POOH
12,412.80043047928996,17207.423678160918,0.3,16.612860442716233,off_bottom_POOH
13,499.8311733755071,17207.423678160918,0.45,32.9602839257694,off_bottom_POOH
14,292.0544622363103,17207.423678160918,-0.15,6.107099569786932,off_bottom_RIH
15,246.24757022101173,17207.423678160918,-0.3,14.72464833508055,off_bottom_RIH
16,176.70812991988396,17207.423678160918,-0.45,27.793996353895487,off_bottom_RIH
17,357.94301242906215,17207.423678160918,0.15,6.299669994985054,off_bottom_ROB
18,407.2021650380743,17207.423678160918,0.3,15.560822024033692,off_bottom_ROB
19,473.1251124143232,17207.423678160918,0.45,27.945012979885096,off_bottom_ROB
20,323.34199218268935,17007.337356321837,0.0,0.0,off_bottom_static
21,356.708821428592,17007.337356321837,0.15,6.282174710747805,off_bottom_POOH
22,410.23720718302286,17007.337356321837,0.3,16.346332689367774,off_bottom_POOH
23,495.80766300780397,17007.337356321837,0.45,32.42083388710282,off_bottom_POOH
24,291.8290418380037,17007.337356321837,-0.15,5.935677154109317,off_bottom_RIH
25,247.37334347892957,17007.337356321837,-0.3,14.299991574383178,off_bottom_RIH
26,180.3997924958891,17007.337356321837,-0.45,26.8889494219722,off_bottom_RIH
27,356.24848599050586,17007.337356321837,0.15,6.19556896810697,off_bottom_ROB
28,404.73027633274637,17007.337356321837,0.3,15.311375098250581,off_bottom_ROB
29,469.55253509499323,17007.337356321837,0.45,27.489812374696974,off_bottom_ROB
30,321.3786570267728,16807.251034482757,0.0,0.0,off_bottom_static
31,353.97850787005245,16807.251034482757,0.15,6.138620196399636,off_bottom_POOH
32,406.29103184953834,16807.251034482757,0.3,15.97533173344601,off_bottom_POOH
33,489.8880671076898,16807.251034482757,0.45,31.680963556760265,off_bottom_POOH
34,290.6612477382247,16807.251034482757,-0.15,5.786272008210307,off_bottom_RIH
35,247.32455263386493,16807.251034482757,-0.3,13.940786519401929,off_bottom_RIH
36,182.3289590987365,16807.251034482757,-0.45,26.159598788453426,off_bottom_RIH
37,353.52839024372946,16807.251034482757,0.15,6.053925165653651,off_bottom_ROB
38,400.9096460808142,16807.251034482757,0.3,14.963854594424518,off_bottom_ROB
39,464.23814734420364,16807.251034482757,0.45,26.86302948498273,off_bottom_ROB
40,318.82662476815074,16607.164712643676,0.0,0.0,off_bottom_static
41,350.54623981162536,16607.164712643676,0.15,5.973940898257629,off_bottom_POOH
42,401.4620952439106,16607.164712643676,0.3,15.549426923993964,off_bottom_POOH
43,482.83154774474957,16607.164712643676,0.45,30.83883897666776,off_bottom_POOH
44,288.8468505132784,16607.164712643676,-0.15,5.647645139058757,off_bottom_RIH
45,246.5240723089238,16607.164712643676,-0.3,13.611996003893077,off_bottom_RIH
46,183.18684538085932,16607.164712643676,-0.45,25.520656319801297,off_bottom_RIH
47,350.10813554421463,16607.164712643676,0.15,5.891493311885018,off_bottom_ROB
48,396.223948433978,16607.164712643676,0.3,14.564732420470298,off_bottom_ROB
49,457.86322874510176,16607.164712643676,0.45,26.14821007406315,off_bottom_ROB
50,315.9965321172131,16407.078390804596,0.0,0.0,off_bottom_static
51,346.76076292697974,16407.078390804596,0.15,5.79403080669431,off_bottom_POOH
52,396.2165553781958,16407.078390804596,0.3,15.09283832484959,off_bottom_POOH
53,475.3385007980894,16407.078390804596,0.45,29.954244713053548,off_bottom_POOH
54,286.7931399762175,16407.078390804596,-0.15,5.501342575043766,off_bottom_RIH
55,245.47112400302302,16407.078390804596,-0.3,13.275042000056905,off_bottom_RIH
56,183.6648858221332,16407.078390804596,-0.45,24.889738597801962,off_bottom_RIH
57,346.3355398217172,16407.078390804596,0.15,5.714016252304544,off_bottom_ROB
58,391.1260362302426,16407.078390804596,0.3,14.136179964630161,off_bottom_ROB
59,451.05241446129963,16407.078390804596,0.45,25.393697946309118,off_bottom_ROB
60,313.13761538797036,16206.992068965517,0.0,0.0,off_bottom_static
61,343.027255491238,16206.992068965517,0.15,5.629996244808646,off_bottom_POOH
62,391.0223990325428,16206.992068965517,0.3,14.65500555111651,off_bottom_POOH
63,467.738883409599,16206.992068965517,0.45,29.065684085357802,off_bottom_POOH
64,284.676725256211,16206.992068965517,-0.15,5.362251389481979,off_bottom_RIH
65,244.40938646905386,16206.992068965517,-0.3,12.93845577784978,off_bottom_RIH
66,184.3404539507876,16206.992068965517,-0.45,24.22789922741413,off_bottom_RIH
67,342.61437874947484,16206.992068965517,0.15,5.552296649432967,off_bottom_ROB
68,386.08422903389476,16206.992068965517,0.3,13.726899756289992,off_bottom_ROB
69,444.1980312354624,16206.992068965517,0.45,24.644762569040793,off_bottom_ROB
70,310.26349083101775,16006.905747126437,0.0,0.0,off_bottom_static
71,339.3249505486748,16006.905747126437,0.15,5.474748786250524,off_bottom_POOH
72,385.9587951417625,16006.905747126437,0.3,14.244547330500655,off_bottom_POOH
73,460.4725454758908,16006.905747126437,0.45,28.242243415132474,off_bottom_POOH
74,282.5896528271872,16006.905747126437,-0.15,5.214639228396448,off_bottom_RIH
75,243.39793183302183,16006.905747126437,-0.3,12.589121798671512,off_bottom_RIH
76,184.99902216578644,16006.905747126437,-0.45,23.565390233156258,off_bottom_RIH
77,338.92368818326986,16006.905747126437,0.15,5.399226503929865,off_bottom_ROB
78,381.1615546790864,16006.905747126437,0.3,13.342863184510959,off_bottom_ROB
79,437.6097904188938,16006.905747126437,0.45,23.948457222011655,off_bottom_ROB
80,307.37680067332997,15806.819425287356,0.0,0.0,off_bottom_static
81,335.60918120021586,15806.819425287356,0.15,5.319333055287594,off_bottom_POOH
82,380.88001668592614,15806.819425287356,0.3,13.833600517517274,off_bottom_POOH
83,453.1886498930278,15806.819425287356,0.45,27.417867500721467,off_bottom_POOH
84,280.48910083158233,15806.819425287356,-0.15,5.067198141651037,off_bottom_RIH
85,242.37352408570476,15806.819425287356,-0.3,12.23985950412085,off_bottom_RIH
86,185.64109323659125,15806.819425287356,-0.45,22.903616128208803,off_bottom_RIH
87,335.21955074223325,15806.819425287356,0.15,5.245991369510786,off_bottom_ROB
88,376.2238760625531,15806.819425287356,0.3,12.95836992597304,off_bottom_ROB
89,431.0047143864994,15806.819425287356,0.45,23.251352072522764,off_bottom_ROB
90,304.4810503314447,15606.733103448276,0.0,0.0,off_bottom_static
91,331.88382789967267,15606.733103448276,0.15,5.163819325642662,off_bottom_POOH
92,375.7904969205383,15606.733103448276,0.3,13.422338991886356,off_bottom_POOH
93,445.8924493806864,15606.733103448276,0.45,26.592883821429027,off_bottom_POOH
94,278.37926889675214,15606.733103448276,-0.15,4.919798030851646,off_bottom_RIH
95,241.33989985469853,15606.733103448276,-0.3,11.890625625735609,off_bottom_RIH
96,186.2714184076138,15606.733103448276,-0.45,22.24234341957499,off_bottom_RIH
97,331.5058425828629,15606.733103448276,0.15,5.092660714648872,off_bottom_ROB
98,371.27556974057796,15606.733103448276,0.3,12.573583233061616,off_bottom_ROB
99,424.3878124087504,15606.733103448276,0.45,22.553728967772447,off_bottom_ROB
100,301.5797455783376,15406.646781609195,0.0,0.0,off_bottom_static
101,336.0831608583036,15406.646781609195,0.15,6.522060754858179,off_bottom_POOH
102,387.1237151742994,15406.646781609195,0.3,16.144741759813403,off_bottom_POOH
103,464.0125974271932,15406.646781609195,0.45,30.61381081792368,off_bottom_POOH
104,268.88519074833005,15406.646781609195,-0.15,6.182958492317287,off_bottom_RIH
105,226.20238044797821,15406.646781609195,-0.3,14.238812885407915,off_bottom_RIH
106,162.45592846570855,15406.646781609195,-0.45,26.24428376973675,off_bottom_RIH
107,335.625908473414,15406.646781609195,0.15,6.435743600884577,off_bottom_ROB
108,382.01262792284854,15406.646781609195,0.3,15.181983333504814,off_bottom_ROB
109,440.7693892316245,15406.646781609195,0.45,26.2418844720208,off_bottom_ROB
110,298.67671082671603,15206.560459770115,0.0,0.0,off_bottom_static
111,324.4178525754655,15206.560459770115,0.15,4.852150359846491,off_bottom_POOH
112,365.591791018212,15206.560459770115,0.3,12.597950099817476,off_bottom_POOH
113,431.2742780553373,15206.560459770115,0.45,24.939102701234475,off_bottom_POOH
114,274.0939252576503,15206.560459770115,-0.15,4.634958576155817,off_bottom_RIH
115,239.25957116659842,15206.560459770115,-0.3,11.192086250184062,off_bottom_RIH
116,187.51584955356256,15206.560459770115,-0.45,20.919720334584255,off_bottom_RIH
117,324.0632105703296,15206.560459770115,0.15,4.7853707999238395,off_bottom_ROB
118,361.35970931005966,15206.560459770115,0.3,11.802268207681033,off_bottom_ROB
119,411.1301540763756,15206.560459770115,0.45,21.155292228022116,off_bottom_ROB
120,295.7736828450323,15006.474137931034,0.0,0.0,off_bottom_static
121,320.683949870029,15006.474137931034,0.15,4.696361349142875,off_bottom_POOH
122,360.4910618503832,15006.474137931034,0.3,12.185881127415279,off_bottom_POOH
123,423.9641145632904,15006.474137931034,0.45,24.112764793041404,off_bottom_POOH
124,271.94692552215383,15006.474137931034,-0.15,4.493203279995711,off_bottom_RIH
125,238.2159575393415,15006.474137931034,-0.3,10.843446058729032,off_bottom_RIH
126,188.13148508948612,15006.474137931034,-0.45,20.259970925032885,off_bottom_RIH
127,320.3409940248202,15006.474137931034,0.15,4.631772944206532,off_bottom_ROB
128,356.40041484048186,15006.474137931034,0.3,11.416718241200895,off_bottom_ROB
129,404.5000782822005,15006.474137931034,0.45,20.45647076318001,off_bottom_ROB
130,292.8706548633486,14806.387816091954,0.0,0.0,off_bottom_static
131,316.95036959816343,14806.387816091954,0.15,4.540632794733764,off_bottom_POOH
132,355.39047783525325,14806.387816091954,0.3,11.77383937114411,off_bottom_POOH
133,416.6540908364109,14806.387816091954,0.45,23.286453090817172,off_bottom_POOH
134,269.7989306376703,14806.387816091954,-0.15,4.351634574270666,off_bottom_RIH
135,237.17226905900415,14806.387816091954,-0.3,10.494819902226581,off_bottom_RIH
136,188.74189388179164,14806.387816091954,-0.45,19.601201529909893,off_bottom_RIH
137,316.61910972081455,14806.387816091954,0.15,4.478237383771171,off_bottom_ROB
138,351.4412672255545,14806.387816091954,0.3,11.03119580996771,off_bottom_ROB
139,397.8701414576524,14806.387816091954,0.45,19.75767535514292,off_bottom_ROB
140,289.96762688166484,14606.301494252873,0.0,0.0,off_bottom_static
141,313.2171884936199,14606.301494252873,0.15,4.3849790841975675,off_bottom_POOH
142,350.2900584792145,14606.301494252873,0.3,11.361828488452531,off_bottom_POOH
143,409.34422392576516,14606.301494252873,0.45,22.460170791636774,off_bottom_POOH
144,267.64851876629615,14606.301494252873,-0.15,4.210519053587625,off_bottom_RIH
145,236.12849969100333,14606.301494252873,-0.3,10.146208912161043,off_bottom_RIH
146,189.34685668036494,14606.301494252873,-0.45,18.9434532586117,off_bottom_RIH
147,312.89763804384614,14606.301494252873,0.15,4.324779190905288,off_bottom_ROB
148,346.482286525099,14606.301494252873,0.3,10.645704675198006,off_bottom_ROB
149,391.2403607805519,14606.301494252873,0.45,19.058909224752316,off_bottom_ROB
150,287.06459889998115,14406.215172413793,0.0,0.0,off_bottom_static
151,309.4845110682652,14406.215172413793,0.15,4.22941981350925,off_bottom_POOH
152,345.18982710143325,14406.215172413793,0.3,10.949852851684259,off_bottom_POOH
153,402.03453383172797,14406.215172413793,0.45,21.63392164557053,off_bottom_POOH
154,265.4980191678194,14406.215172413793,-0.15,4.069419981736308,off_bottom_RIH
155,235.08464266871542,14406.215172413793,-0.3,9.797614357274316,off_bottom_RIH
156,189.95126252616396,14406.215172413793,-0.45,18.28580941595869,off_bottom_RIH
157,309.17668894802455,14406.215172413793,0.15,4.171418982004435,off_bottom_ROB
158,341.5234967975151,14406.215172413793,0.3,10.26024934784173,off_bottom_ROB
159,384.61075645317794,14406.215172413793,0.45,18.36017615993538,off_bottom_ROB
160,284.1615709182974,14206.128850574712,0.0,0.0,off_bottom_static
161,305.7524835233096,14206.128850574712,0.15,4.073982395395784,off_bottom_POOH
162,340.0898118482512,14206.128850574712,0.3,10.537917738278333,off_bottom_POOH
163,394.7250441834345,14206.128850574712,0.45,20.807710083081194,off_bottom_POOH
164,263.34741486116195,14206.128850574712,-0.15,3.928340542668879,off_bottom_RIH
165,234.04069036624776,14206.128850574712,-0.3,9.449037667421303,off_bottom_RIH
166,190.5551146891199,14206.128850574712,-0.45,17.628269388838763,off_bottom_RIH
167,305.4564169746204,14206.128850574712,0.15,4.01818573355687,off_bottom_ROB
168,336.5649271873404,14206.128850574712,0.3,9.874835292499677,off_bottom_ROB
169,377.98135241456856,14206.128850574712,0.45,17.66148064926183,off_bottom_ROB
170,281.25854293661365,14006.042528735632,0.0,0.0,off_bottom_static
171,302.0825710012884,14006.042528735632,0.15,3.930351344823444,off_bottom_POOH
172,335.1656605192126,14006.042528735632,0.3,10.159398225176,off_bottom_POOH
173,387.8088138002863,14006.042528735632,0.45,20.056184269459365,off_bottom_POOH
174,261.16713243051714,14006.042528735632,-0.15,3.79290841856769,off_bottom_RIH
175,232.9824549163413,14006.042528735632,-0.3,9.103176493333775,off_bottom_RIH
176,191.06409176886197,14006.042528735632,-0.45,16.988768887759555,off_bottom_RIH
177,301.7974009235265,14006.042528735632,0.15,3.876595489812418,off_bottom_ROB
178,331.7695584616887,14006.042528735632,0.3,9.520432015256468,off_bottom_ROB
179,371.67426812583983,14006.042528735632,0.45,17.02400638942208,off_bottom_ROB
180,278.3552618754195,13805.956206896552,0.0,0.0,off_bottom_static
181,298.29176671665664,13805.956206896552,0.15,3.7640340411837694,off_bottom_POOH
182,329.8922923476648,13805.956206896552,0.3,9.715236046777536,off_bottom_POOH
183,380.11098344272955,13805.956206896552,0.45,19.157651953095407,off_bottom_POOH
184,259.04506880058113,13805.956206896552,-0.15,3.6464968520870404,off_bottom_RIH
185,231.95147946922623,13805.956206896552,-0.3,8.752211753085902,off_bottom_RIH
186,191.74032401745268,13805.956206896552,-0.45,16.317572942268992,off_bottom_RIH
187,298.01934390254905,13805.956206896552,0.15,3.7126670884360307,off_bottom_ROB
188,326.65017779603465,13805.956206896552,0.3,9.105128667988309,off_bottom_ROB
189,364.72665013329424,13805.956206896552,0.45,16.26607141693807,off_bottom_ROB
190,275.4539574822359,13605.869885057471,0.0,0.0,off_bottom_static
191,294.56548606793524,13605.869885057471,0.15,3.6093885117537483,off_bottom_POOH
192,324.7958250545054,13605.869885057471,0.3,9.30371500634665,off_bottom_POOH
193,372.80584247368205,13605.869885057471,0.45,18.33203425942372,off_bottom_POOH
194,256.89247481765113,13605.869885057471,-0.15,3.5061533707519033,off_bottom_RIH
195,230.90904063835768,13605.869885057471,-0.3,8.403761119120519,off_bottom_RIH
196,192.33252031612275,13605.869885057471,-0.45,15.662394399865303,off_bottom_RIH
197,294.30501327347696,13605.869885057471,0.15,3.5602617866911825,off_bottom_ROB
198,321.6951226207778,13605.869885057471,0.3,8.72011965047893,off_bottom_ROB
199,358.1013640379891,13605.869885057471,0.45,15.567919204364136,off_bottom_ROB
200,272.5586341311338,13405.78356321839,0.0,0.0,off_bottom_static
201,420.0490858759185,13405.78356321839,0.15,28.13315548898948,off_bottom_POOH
202,584.9523497646983,13405.78356321839,0.3,59.53128834675283,off_bottom_POOH
203,773.8923290095029,13405.78356321839,0.45,95.43643813772643,off_bottom_POOH
204,129.51755000806784,13405.78356321839,-0.15,27.298848079486305,off_bottom_RIH
205,-29.935307474741816,13405.78356321839,-0.3,57.67482965622181,off_bottom_RIH
206,-213.17637356010866,13405.78356321839,-0.45,92.5109690646842,off_bottom_RIH
207,418.33438567056135,13405.78356321839,0.15,27.806352804466737,off_bottom_ROB
208,570.2492271908559,13405.78356321839,0.3,56.734066526799985,off_bottom_ROB
209,721.3534892749412,13405.78356321839,0.45,85.45884910696391,off_bottom_ROB
210,269.6712110098138,13205.69724137931,0.0,0.0,off_bottom_static
211,287.14283282475475,13205.69724137931,0.15,3.3016971542049887,off_bottom_POOH
212,314.6274777948627,13205.69724137931,0.3,8.480836150003807,off_bottom_POOH
213,358.22188263016756,13205.69724137931,0.45,16.680555120527014,off_bottom_POOH
214,252.60570875463884,13205.69724137931,-0.15,3.225549736748887,off_bottom_RIH
215,228.84273178732818,13205.69724137931,-0.3,7.706875982023215,off_bottom_RIH
216,193.77986893292052,13205.69724137931,-0.45,14.30693083112821,off_bottom_RIH
217,286.9067921121504,13205.69724137931,0.15,3.257154431825371,off_bottom_ROB
218,311.8094831788315,13205.69724137931,0.3,7.950288689543024,off_bottom_ROB
219,344.87669853503803,13205.69724137931,0.45,14.171524265840702,off_bottom_ROB
220,266.7840204624375,13005.61091954023,0.0,0.0,off_bottom_static
221,283.443822423309,13005.61091954023,0.15,3.14948093156696,off_bottom_POOH
222,309.5498755549845,13005.61091954023,0.3,8.070133957659687,off_bottom_POOH
223,350.9379523393625,13005.61091954023,0.45,15.856166418634135,off_bottom_POOH
224,250.4657722517707,13005.61091954023,-0.15,3.085439603403614,off_bottom_RIH
225,227.81296789122445,13005.61091954023,-0.3,7.358608484909606,off_bottom_RIH
226,194.629971861126,13005.61091954023,-0.45,13.606188304456639,off_bottom_RIH
227,283.2204435701136,13005.61091954023,0.15,3.107312307826535,off_bottom_ROB
228,306.87317273397383,13005.61091954023,0.3,7.566078708765251,off_bottom_ROB
229,338.2719063292236,13005.61091954023,0.45,13.474473954883539,off_bottom_ROB
230,263.89696382472255,12805.52459770115,0.0,0.0,off_bottom_static
231,279.7675631158699,12805.52459770115,0.15,3.0016892887021105,off_bottom_POOH
232,304.50244186668755,12805.52459770115,0.3,7.665564843819983,off_bottom_POOH
233,343.70047000137924,12805.52459770115,0.45,15.041536677539867,off_bottom_POOH
234,248.31252404433127,12805.52459770115,-0.15,2.9479508733314232,off_bottom_RIH
235,226.7584680968667,12805.52459770115,-0.3,7.015088222823953,off_bottom_RIH
236,195.39775065273156,12805.52459770115,-0.45,12.920889434179655,off_bottom_RIH
237,279.5570061633174,12805.52459770115,0.15,2.9619221874943333,off_bottom_ROB
238,301.9657464663788,12805.52459770115,0.3,7.187726656147145,off_bottom_ROB
239,331.70909459114296,12805.52459770115,0.45,12.786160598691938,off_bottom_ROB
240,261.008024714854,12605.438275862069,0.0,0.0,off_bottom_static
241,276.1436324385963,12605.438275862069,0.15,2.8639169224096275,off_bottom_POOH
242,299.5446464904188,12605.438275862069,0.3,7.277729208320985,off_bottom_POOH
243,336.6056405489071,12605.438275862069,0.45,14.253038200600013,off_bottom_POOH
244,246.1151906274534,12605.438275862069,-0.15,2.8183133005780494,off_bottom_RIH
245,225.6373676068289,12605.438275862069,-0.3,6.683693691021072,off_bottom_RIH
246,196.0836827276013,12605.438275862069,-0.45,12.25063664101138,off_bottom_RIH
247,275.9454654217702,12605.438275862069,0.15,2.826472517947701,off_bottom_ROB
248,297.14378625093633,12605.438275862069,0.3,6.8253571919037,off_bottom_ROB
249,325.2743867915707,12605.438275862069,0.45,12.121427451589962,off_bottom_ROB
250,258.1189907778315,12405.351954022988,0.0,0.0,off_bottom_static
251,352.71510790755417,12405.351954022988,0.15,18.094281810400627,off_bottom_POOH
252,457.5045936850391,12405.351954022988,0.3,38.099846798576834,off_bottom_POOH
253,577.78395018885,12405.351954022988,0.45,61.00980969843095,off_bottom_POOH
254,165.8979720019451,12405.351954022988,-0.15,17.648932423453942,off_bottom_RIH
255,64.7837631000082,12405.351954022988,-0.3,36.96531262434288,off_bottom_RIH
256,-49.45090906801856,12405.351954022988,-0.45,58.74173767765913,off_bottom_RIH
257,351.6280892302884,12405.351954022988,0.15,17.886510348794065,off_bottom_ROB
258,448.16167699492013,12405.351954022988,0.3,36.317891458308935,off_bottom_ROB
259,544.3040679807951,12405.351954022988,0.45,54.637840681203365,off_bottom_ROB
260,255.23242733504057,12205.265632183908,0.0,0.0,off_bottom_static
261,268.95472809800134,12205.265632183908,0.15,2.598860174260471,off_bottom_POOH
262,289.6652873390035,12205.265632183908,0.3,6.508144567338646,off_bottom_POOH
263,322.4591755875232,12205.265632183908,0.45,12.68328925996622,off_bottom_POOH
264,241.69735292987295,12205.265632183908,-0.15,2.5636719946969557,off_bottom_RIH
265,223.3431273733356,12205.265632183908,-0.3,6.030817655023917,off_bottom_RIH
266,197.09260326888614,12205.265632183908,-0.45,10.978319209087656,off_bottom_RIH
267,268.7799700207856,12205.265632183908,0.15,2.565805650628468,off_bottom_ROB
268,287.53553617380805,12205.265632183908,0.3,6.10661157999165,off_bottom_ROB
269,312.4465447397662,12205.265632183908,0.45,10.798944036925512,off_bottom_ROB
270,252.33779464821487,12005.179310344827,0.0,0.0,off_bottom_static
271,265.43359982293276,12005.179310344827,0.15,2.4814301055877173,off_bottom_POOH
272,284.84463960396636,12005.179310344827,0.3,6.147088538945053,off_bottom_POOH
273,315.56581443819624,12005.179310344827,0.45,11.933625962616677,off_bottom_POOH
274,239.41924722196245,12005.179310344827,-0.15,2.4481124350585666,off_bottom_RIH
275,222.067037369281,12005.179310344827,-0.3,5.727425023096332,off_bottom_RIH
276,197.3165650619598,12005.179310344827,-0.45,10.393725502832792,off_bottom_RIH
277,265.268981290151,12005.179310344827,0.15,2.4502763406149826,off_bottom_ROB
278,282.845595002527,12005.179310344827,0.3,5.7700603785949305,off_bottom_ROB
279,306.1961161816631,12005.179310344827,0.45,10.169824596070299,off_bottom_ROB
280,249.4371002893151,11805.092988505747,0.0,0.0,off_bottom_static
281,272.72986486117935,11805.092988505747,0.15,4.433040651212975,off_bottom_POOH
282,301.59064744890134,11805.092988505747,0.3,9.9100358933036,off_bottom_POOH
283,340.8918495673521,11805.092988505747,0.45,17.34451906044105,off_bottom_POOH
284,226.28233739403998,11805.092988505747,-0.15,4.407199027998167,off_bottom_RIH
285,199.01730105945086,11805.092988505747,-0.3,9.585118877042317,off_bottom_RIH
286,164.77249820551035,11805.092988505747,-0.45,16.07181762097971,off_bottom_RIH
287,272.4554435321976,11805.092988505747,0.15,4.380860557142105,off_bottom_ROB
288,298.8185926841975,11805.092988505747,0.3,9.384745255783667,off_bottom_ROB
289,329.3628278399816,11805.092988505747,0.45,15.165529431973388,off_bottom_ROB
290,246.5340908657433,11605.006666666666,0.0,0.0,off_bottom_static
291,258.4045273061787,11605.006666666666,0.15,2.251393114537626,off_bottom_POOH
292,275.1907636222158,11605.006666666666,0.3,5.424498705750569,off_bottom_POOH
293,301.75138679212154,11605.006666666666,0.45,10.430301832063883,off_bottom_POOH
294,234.84322999867112,11605.006666666666,-0.15,2.2177226945320214,off_bottom_RIH
295,219.47402994200112,11605.006666666666,-0.3,5.125133987113649,off_bottom_RIH
296,197.70009639377247,11605.006666666666,-0.45,9.233432809362515,off_bottom_RIH
297,258.2586607746295,11605.006666666666,0.15,2.223758955912468,off_bottom_ROB
298,273.4559061279863,11605.006666666666,0.3,5.0970463537246475,off_bottom_ROB
299,293.67038415401953,11605.006666666666,0.45,8.908326610262778,off_bottom_ROB
300,243.6310628840596,11404.920344827586,0.0,0.0,off_bottom_static
301,254.90199391715305,11404.920344827586,0.15,2.1389858506610127,off_bottom_POOH
302,270.37452000891363,11404.920344827586,0.3,5.065770774822119,off_bottom_POOH
303,294.84471119943333,11404.920344827586,0.45,9.679617905000539,off_bottom_POOH
304,232.5467224706901,11404.920344827586,-0.15,2.1040001094627714,off_bottom_RIH
305,218.16218724781478,11404.920344827586,-0.3,4.82678674570789,off_bottom_RIH
306,197.89245187321674,11404.920344827586,-0.45,8.653048410401013,off_bottom_RIH
307,254.76485327096995,11404.920344827586,0.15,2.112987795542003,off_bottom_ROB
308,268.7749630556651,11404.920344827586,0.3,4.763687274230127,off_bottom_ROB
309,287.4089005347616,11404.920344827586,0.45,8.278616178217597,off_bottom_ROB
310,240.72803490237584,11204.834022988505,0.0,0.0,off_bottom_static
311,251.4080079172131,11204.834022988505,0.15,2.028181222237975,off_bottom_POOH
312,265.58187304878754,11204.834022988505,0.3,4.711467216364166,off_bottom_POOH
313,287.94362960392226,11204.834022988505,0.45,8.929982852407896,off_bottom_POOH
314,230.24519678818004,11204.834022988505,-0.15,1.9912184283677006,off_bottom_RIH
315,216.8487028942429,11204.834022988505,-0.3,4.5287473154369104,off_bottom_RIH
316,198.08352266201624,11204.834022988505,-0.45,8.072904890935401,off_bottom_RIH
317,251.2792231496045,11204.834022988505,0.15,2.0037498943516776,off_bottom_ROB
318,264.12394421201174,11204.834022988505,0.3,4.435938987610833,off_bottom_ROB
319,281.1541579898454,11204.834022988505,0.45,7.650169697611502,off_bottom_ROB
320,237.84469593346407,11004.747701149425,0.0,0.0,off_bottom_static
321,247.97577744208652,11004.747701149425,0.15,1.924993691947951,off_bottom_POOH
322,261.00067691760745,11004.747701149425,0.3,4.39203905011524,off_bottom_POOH
323,281.3248259557715,11004.747701149425,0.45,8.227109034170622,off_bottom_POOH
324,227.92778825401248,11004.747701149425,-0.15,1.8853548677673098,off_bottom_RIH
325,215.46077681139295,11004.747701149425,-0.3,4.2494120150709085,off_bottom_RIH
326,198.13848138758178,11004.747701149425,-0.45,7.5244479621965015,off_bottom_RIH
327,247.85453058679303,11004.747701149425,0.15,1.9019815525957517,off_bottom_ROB
328,259.6810100754353,11004.747701149425,0.3,4.142524121032414,off_bottom_ROB
329,275.16002972696475,11004.747701149425,0.45,7.064842183837377,off_bottom_ROB
330,234.89435406852954,10804.661379310344,0.0,0.0,off_bottom_static
331,244.4471221927497,10804.661379310344,0.15,1.8163717596920579,off_bottom_POOH
332,256.60349174514977,10804.661379310344,0.3,4.12042738312258,off_bottom_POOH
333,275.4632971331988,10804.661379310344,0.45,7.680715432007737,off_bottom_POOH
334,225.55732065591138,10804.661379310344,-0.15,1.776435521294524,off_bottom_RIH
335,214.03669869431872,10804.661379310344,-0.3,3.9629306034726395,off_bottom_RIH
336,198.1720560185486,10804.661379310344,-0.45,6.964729109492556,off_bottom_RIH
337,244.3336250705281,10804.661379310344,0.15,1.7948144859082453,off_bottom_ROB
338,255.36596459268665,10804.661379310344,0.3,3.886326762633371,off_bottom_ROB
339,269.7639112264353,10804.661379310344,0.45,6.6057817148497,off_bottom_ROB
340,231.74242383109396,10604.575057471264,0.0,0.0,off_bottom_static
341,240.71015663564435,10604.575057471264,0.15,1.7062386036655277,off_bottom_POOH
342,251.92655554217117,10604.575057471264,0.3,3.833655034519073,off_bottom_POOH
343,269.056419853847,10604.575057471264,0.45,7.069182166411451,off_bottom_POOH
344,222.95924538867726,10604.575057471264,-0.15,1.6721278274342586,off_bottom_RIH
345,212.29809947567574,10604.575057471264,-0.3,3.6970711914667276,off_bottom_RIH
346,197.79726920622903,10604.575057471264,-0.45,6.442941801551023,off_bottom_RIH
347,240.60397720098732,10604.575057471264,0.15,1.6860579565041482,off_bottom_ROB
348,250.80868336967504,10604.575057471264,0.3,3.6220217766127174,off_bottom_ROB
349,263.87846105425956,10604.575057471264,0.45,6.092119288108916,off_bottom_ROB
350,228.42560779193468,10404.488735632183,0.0,0.0,off_bottom_static
351,236.8519553448401,10404.488735632183,0.15,1.6041414573764101,off_bottom_POOH
352,247.0957247579742,10404.488735632183,0.3,3.548769189588284,off_bottom_POOH
353,262.3383087563479,10404.488735632183,0.45,6.430912603579503,off_bottom_POOH
354,220.18719843434,10404.488735632183,-0.15,1.5693239306032003,off_bottom_RIH
355,210.33842676124803,10404.488735632183,-0.3,3.441299974774663,off_bottom_RIH
356,197.1332037163948,10404.488735632183,-0.45,5.943761818481967,off_bottom_RIH
357,236.75253898662615,10404.488735632183,0.15,1.585234841268488,off_bottom_ROB
358,246.1044087701698,10404.488735632183,0.3,3.3608852023903646,off_bottom_ROB
359,257.70358391874476,10404.488735632183,0.45,5.555414136960417,off_bottom_ROB
360,224.99404487423482,10204.402413793103,0.0,0.0,off_bottom_static
361,232.89376637568327,10204.402413793103,0.15,1.5054361070328692,off_bottom_POOH
362,242.25588946759459,10204.402413793103,0.3,3.2854959251561735,off_bottom_POOH
363,255.53005598375194,10204.402413793103,0.45,5.799915888874929,off_bottom_POOH
364,217.29969942114184,10204.402413793103,-0.15,1.466733855520159,off_bottom_RIH
365,208.24145174596703,10204.402413793103,-0.3,3.1895673285153276,off_bottom_RIH
366,196.27218494667736,10204.402413793103,-0.45,5.459506101911623,off_bottom_RIH
367,232.80107553408726,10204.402413793103,0.15,1.487786582212506,off_bottom_ROB
368,241.372398745895,10204.402413793103,0.3,3.1177399260392433,off_bottom_ROB
369,251.47471124612625,10204.402413793103,0.45,5.032684891160597,off_bottom_ROB
370,221.5189368326721,10004.316091954022,0.0,0.0,off_bottom_static
371,228.89411924798202,10004.316091954022,0.15,1.4066415942946306,off_bottom_POOH
372,237.4346462704388,10004.316091954022,0.3,3.031740226421231,off_bottom_POOH
373,248.74905768060574,10004.316091954022,0.45,5.176870654836876,off_bottom_POOH
374,214.35001013828554,10004.316091954022,-0.15,1.3680111248725433,off_bottom_RIH
375,206.08868608436143,10004.316091954022,-0.3,2.940910180240508,off_bottom_RIH
376,195.333575495694,10004.316091954022,-0.45,4.981511413636677,off_bottom_RIH
377,228.8080749307667,10004.316091954022,0.15,1.3902452511498473,off_bottom_ROB
378,236.64499261530472,10004.316091954022,0.3,2.8816790154216854,off_bottom_ROB
379,245.35069052674743,10004.316091954022,0.45,4.5334299801011735,off_bottom_ROB
380,218.04377044677716,9804.229770114942,0.0,0.0,off_bottom_static
381,224.93761666297496,9804.229770114942,0.15,1.3164621647214252,off_bottom_POOH
382,232.77778723341558,9804.229770114942,0.3,2.8103205833524383,off_bottom_POOH
383,242.5190432807381,9804.229770114942,0.45,4.660576127674264,off_bottom_POOH
384,211.38567132942546,9804.229770114942,-0.15,1.2722973640563227,off_bottom_RIH
385,203.94955759554878,9804.229770114942,-0.3,2.6905271677092677,off_bottom_RIH
386,194.43542744536956,9804.229770114942,-0.45,4.4984873068637885,off_bottom_RIH
387,224.8575748729075,9804.229770114942,0.15,1.3011904835883819,off_bottom_ROB
388,232.0649814672099,9804.229770114942,0.3,2.6746615606115958,off_bottom_ROB
389,239.6946516841742,9804.229770114942,0.45,4.124728818250392,off_bottom_ROB
390,214.5643702613713,9604.143448275861,0.0,0.0,off_bottom_static
391,220.97489763435436,9604.143448275861,0.15,1.2257570042357666,off_bottom_POOH
392,228.15005261826295,9604.143448275861,0.3,2.5948472285454858,off_bottom_POOH
393,236.66747386954424,9604.143448275861,0.45,4.2155669982296775,off_bottom_POOH
394,208.408758832822,9604.143448275861,-0.15,1.1779932596059783,off_bottom_RIH
395,201.77781463565933,9604.143448275861,-0.3,2.445156961812974,off_bottom_RIH
396,193.48859563700665,9604.143448275861,-0.45,4.023332764642813,off_bottom_RIH
397,220.90080439682927,9604.143448275861,0.15,1.2116015695042834,off_bottom_ROB
398,227.50604585803873,9604.143448275861,0.3,2.472094301813322,off_bottom_ROB
399,234.25964383616,9604.143448275861,0.45,3.7578407850702167,off_bottom_ROB
400,211.09384332801392,9404.05712643678,0.0,0.0,off_bottom_static
401,216.65477580027678,9404.05712643678,0.15,1.0645228702463811,off_bottom_POOH
402,222.75010325175754,9404.05712643678,0.3,2.2291972262963817,off_bottom_POOH
403,229.62199914235146,9404.05712643678,0.45,3.5394687915906746,off_bottom_POOH
404,205.81289590126767,9404.05712643678,-0.15,1.0120972113928348,off_bottom_RIH
405,200.47603937624294,9404.05712643678,-0.3,2.034786450013568,off_bottom_RIH
406,194.4531686704215,9404.05712643678,-0.45,3.186237482399732,off_bottom_RIH
407,216.59085447371027,9404.05712643678,0.15,1.0522961464815361,off_bottom_ROB
408,222.21194582481266,9404.05712643678,0.3,2.1264558331923475,off_bottom_ROB
409,227.72904900038768,9404.05712643678,0.45,3.1787748815617385,off_bottom_ROB
410,208.562725517918,9203.9708045977,0.0,0.0,off_bottom_static
411,214.09471583400023,9203.9708045977,0.15,1.0573728868132688,off_bottom_POOH
412,220.23875324256872,9203.9708045977,0.3,2.2288735211783344,off_bottom_POOH
413,227.2505418132825,9203.9708045977,0.45,3.562448565013744,off_bottom_POOH
414,203.42215017071263,9203.9708045977,-0.15,0.984625337751411,off_bottom_RIH
415,198.4377912641309,9203.9708045977,-0.3,1.9406464016638474,off_bottom_RIH
416,193.2352890899754,9203.9708045977,-0.45,2.938302137673682,off_bottom_RIH
417,214.03074096231254,9203.9708045977,0.15,1.0451583468838435,off_bottom_ROB
418,219.6938719786059,9203.9708045977,0.3,2.1250870812323095,off_bottom_ROB
419,225.31255472139023,9203.9708045977,0.45,3.1941441670268738,off_bottom_ROB
420,206.5608080464838,9003.88448275862,0.0,0.0,off_bottom_static
421,211.94938926890137,9003.88448275862,0.15,1.0296595694744781,off_bottom_POOH
422,218.05376372666294,9003.88448275862,0.3,2.1927520140741823,off_bottom_POOH
423,225.0541628550895,9003.88448275862,0.45,3.523070029209042,off_bottom_POOH
424,201.71259733832795,9003.88448275862,-0.15,0.9291160752088206,off_bottom_RIH
425,197.24492274493898,9003.88448275862,-0.3,1.7876595181214832,off_bottom_RIH
426,193.02287800075132,9003.88448275862,-0.45,2.6009794788143377,off_bottom_RIH
427,211.88637654404855,9003.88448275862,0.15,1.0176351966898047,off_bottom_ROB
428,217.51049056923665,9003.88448275862,0.3,2.0893522962018487,off_bottom_ROB
429,223.12629906290806,9003.88448275862,0.45,3.156963253685708,off_bottom_ROB
430,203.2706455342613,8803.79816091954,0.0,0.0,off_bottom_static
431,208.11666152869185,8803.79816091954,0.15,0.9223833363302352,off_bottom_POOH
432,213.43370759252002,8803.79816091954,0.3,1.9324934724484126,off_bottom_POOH
433,219.29328506699326,8803.79816091954,0.45,3.0437403355935775,off_bottom_POOH
434,198.8333340556894,8803.79816091954,-0.15,0.8463442075618595,off_bottom_RIH
435,194.7472809492257,8803.79816091954,-0.3,1.6274205842550182,off_bottom_RIH
436,190.9660235017558,8803.79816091954,-0.45,2.351939385399304,off_bottom_RIH
437,208.06073401383892,8803.79816091954,0.15,0.911747668867584,off_bottom_ROB
438,212.96782264490545,8803.79816091954,0.3,1.84404734019276,off_bottom_ROB
439,217.70014952391526,8803.79816091954,0.45,2.741736550808332,off_bottom_ROB
440,198.69045836884536,8603.711839080459,0.0,0.0,off_bottom_static
441,202.76227707803713,8603.711839080459,0.15,0.7710211122503625,off_bottom_POOH
442,207.11913431344678,8603.711839080459,0.3,1.595267018646773,off_bottom_POOH
443,211.7923831722154,8603.711839080459,0.45,2.4786401365463795,off_bottom_POOH
444,194.87689417550084,8603.711839080459,-0.15,0.7228386489541722,off_bottom_RIH
445,191.29376252583276,8603.711839080459,-0.3,1.4027284275402372,off_bottom_RIH
446,187.92180967881353,8603.711839080459,-0.45,2.0432931890151806,off_bottom_RIH
447,202.71581567457676,8603.711839080459,0.15,0.7622270408711735,off_bottom_ROB
448,206.74150679082427,8603.711839080459,0.3,1.5238479906917684,off_bottom_ROB
449,210.53215528633348,8603.711839080459,0.45,2.240465325910774,off_bottom_ROB
450,192.97768658663554,8403.625517241378,0.0,0.0,off_bottom_static
451,2503.595520734624,8403.625517241378,0.15,491.33466074424507,off_bottom_POOH
452,5141.963302003327,8403.625517241378,0.3,1044.1242264325008,off_bottom_POOH
453,8143.278101184662,8403.625517241378,0.45,1664.9684498451345,off_bottom_POOH
454,-2112.0943548745067,8403.625517241378,-0.15,490.30832057269606,off_bottom_RIH
455,-4745.842741643393,8403.625517241378,-0.3,1042.2721500804157,off_bottom_RIH
456,-7743.703584892888,8403.625517241378,-0.45,1662.5361604216039,off_bottom_RIH
457,2476.3028993038893,8403.625517241378,0.15,485.57454821070314,off_bottom_ROB
458,4905.995168893205,8403.625517241378,0.3,994.9798042779292,off_bottom_ROB
459,7313.3440639181,8403.625517241378,0.45,1494.0036631388577,off_bottom_ROB
460,186.73907170188517,8203.539195402298,0.0,0.0,off_bottom_static
461,189.8929172491226,8203.539195402298,0.15,0.5937888683354768,off_bottom_POOH
462,193.1962997982344,8203.539195402298,0.3,1.2156087282967545,off_bottom_POOH
463,196.65683350800106,8203.539195402298,0.45,1.8668872257700506,off_bottom_POOH
464,183.7275368876535,8203.539195402298,-0.15,0.567112793070518,off_bottom_RIH
465,180.85145387175226,8203.539195402298,-0.3,1.1088355519085225,off_bottom_RIH
466,178.10431161715226,8203.539195402298,-0.45,1.6263890865702937,off_bottom_RIH
467,189.85726732365595,8203.539195402298,0.15,0.5870775161125737,off_bottom_ROB
468,192.91243921344233,8203.539195402298,0.3,1.162179648322399,off_bottom_ROB
469,195.73010926997856,8203.539195402298,0.45,1.692485188267981,off_bottom_ROB
470,182.70979730944873,8003.452873563218,0.0,0.0,off_bottom_static
471,185.6695856894623,8003.452873563218,0.15,0.5577135150906152,off_bottom_POOH
472,188.76661923074448,8003.452873563218,0.3,1.1411487161780283,off_bottom_POOH
473,192.00768987489124,8003.452873563218,0.45,1.7515790869222543,off_bottom_POOH
474,179.88079723814153,8003.452873563218,-0.15,0.5332024832557006,off_bottom_RIH
475,177.17644656420262,8003.452873563218,-0.3,1.0430449745536035,off_bottom_RIH
476,174.5909080703871,8003.452873563218,-0.45,1.5306219458221864,off_bottom_RIH
477,185.6361450111242,8003.452873563218,0.15,0.5514129878164771,off_bottom_ROB
478,188.50060361868725,8003.452873563218,0.3,1.091039950348881,off_bottom_ROB
479,191.1400228971232,8003.452873563218,0.45,1.5881711264000056,off_bottom_ROB
480,179.32337618535854,7803.366551724138,0.0,0.0,off_bottom_static
481,182.04005841387257,7803.366551724138,0.15,0.5113096161823388,off_bottom_POOH
482,184.875998286895,7803.366551724138,0.3,1.0449712724023048,off_bottom_POOH
483,187.83667191638744,7803.366551724138,0.45,1.602011735500874,off_bottom_POOH
484,176.72072270202028,7803.366551724138,-0.15,0.4899379903698475,off_bottom_RIH
485,174.22710486091677,7803.366551724138,-0.3,0.9594405570803084,off_bottom_RIH
486,171.83775447474642,7803.366551724138,-0.45,1.4094017303527633,off_bottom_RIH
487,182.009399543211,7803.366551724138,0.15,0.5055397499531263,off_bottom_ROB
488,184.63267054342262,7803.366551724138,0.3,0.999185400503957,off_bottom_ROB
489,187.04476076342797,7803.366551724138,0.45,1.4530231671470768,off_bottom_ROB
490,175.91834863515496,7603.280229885057,0.0,0.0,off_bottom_static
491,178.39314487842972,7603.280229885057,0.15,0.46532199180217265,off_bottom_POOH
492,180.970908472319,7603.280229885057,0.3,0.9499465909393507,off_bottom_POOH
493,183.65606297650663,7603.280229885057,0.45,1.4547032307415944,off_bottom_POOH
494,173.54228142277327,7603.280229885057,-0.15,0.4468140850281938,off_bottom_RIH
495,171.26088230098796,7603.280229885057,-0.3,0.8758817049248074,off_bottom_RIH
496,169.0702601845326,7603.280229885057,-0.45,1.2879324532372274,off_bottom_RIH
497,178.36524589205146,7603.280229885057,0.15,0.460076593741337,off_bottom_ROB
498,180.74995712026262,7603.280229885057,0.3,0.9084091957093534,off_bottom_ROB
499,182.93844345980537,7603.280229885057,0.45,1.319808924387491,off_bottom_ROB
500,172.497793496529,7403.193908045977,0.0,0.0,off_bottom_static
501,182.4180371011986,7403.193908045977,0.15,1.890183700386616,off_bottom_POOH
502,193.08412288139712,7403.193908045977,0.3,3.9202932158613764,off_bottom_POOH
503,204.54323993826125,7403.193908045977,0.45,6.099179378482417,off_bottom_POOH
504,163.27844158303884,7403.193908045977,-0.15,1.7586880711467305,off_bottom_RIH
505,154.7167859972142,7403.193908045977,-0.3,3.3939815801970052,off_bottom_RIH
506,146.77048359731953,7403.193908045977,-0.45,4.913821769517252,off_bottom_RIH
507,182.30432507509724,7403.193908045977,0.15,1.8685288196812269,off_bottom_ROB
508,192.15516671268935,7403.193908045977,0.3,3.7435618968723925,off_bottom_ROB
509,201.43881009471997,7403.193908045977,0.45,5.509083734000601,off_bottom_ROB
510,169.06732675008925,7203.1075862068965,0.0,0.0,off_bottom_static
511,171.1593283188034,7203.1075862068965,0.15,0.39262634093055376,off_bottom_POOH
512,173.33366340901162,7203.1075862068965,0.3,0.8006949772395052,off_bottom_POOH
513,175.59367025627253,7203.1075862068965,0.45,1.2248319209174965,off_bottom_POOH
514,167.0544524100362,7203.1075862068965,-0.15,0.3777853166486612,off_bottom_RIH
515,165.1176256670198,7203.1075862068965,-0.3,0.741307129529252,off_bottom_RIH
516,163.25388848228707,7203.1075862068965,-0.45,1.0911201589125101,off_bottom_RIH
517,171.1357699913793,7203.1075862068965,0.15,0.3882049711893631,off_bottom_ROB
518,173.14748016879918,7203.1075862068965,0.3,0.7657533583005421,off_bottom_ROB
519,174.99017586561845,7203.1075862068965,0.45,1.1115745446084926,off_bottom_ROB
520,165.63617463293184,7003.021264367816,0.0,0.0,off_bottom_static
521,167.57954210748332,7003.021264367816,0.15,0.3645906592372569,off_bottom_POOH
522,169.59863767995358,7003.021264367816,0.3,0.7433803368342764,off_bottom_POOH
523,171.69650133818743,7003.021264367816,0.45,1.1369390305119615,off_bottom_POOH
524,163.76561410273024,7003.021264367816,-0.15,0.3509393571716418,off_bottom_RIH
525,161.96505349979861,7003.021264367816,-0.3,0.6887537279801612,off_bottom_RIH
526,160.231795432687,7003.021264367816,-0.45,1.0139488733224349,off_bottom_RIH
527,167.5576614425476,7003.021264367816,0.15,0.36048571940780455,off_bottom_ROB
528,169.42577447290438,7003.021264367816,0.3,0.7109508351584758,off_bottom_ROB
529,171.13637108650263,7003.021264367816,0.45,1.0318593149957744,off_bottom_ROB
530,162.2058388011757,6802.9349425287355,0.0,0.0,off_bottom_static
531,164.00248991396523,6802.9349425287355,0.15,0.33708155888791047,off_bottom_POOH
532,165.86859948038233,6802.9349425287355,0.3,0.687186577830988,off_bottom_POOH
533,167.80694028585924,6802.9349425287355,0.45,1.0508349540977753,off_bottom_POOH
534,160.47598122703957,6802.9349425287355,-0.15,0.3245577703903996,off_bottom_RIH
535,158.81035590082203,6802.9349425287355,-0.3,0.6370719942960568,off_bottom_RIH
536,157.20650107811542,6802.9349425287355,-0.45,0.9380042487934094,off_bottom_RIH
537,163.9822639456367,6802.9349425287355,0.15,0.3332868722661669,off_bottom_ROB
538,165.7088530625314,6802.9349425287355,0.3,0.6572164557858955,off_bottom_ROB
539,167.2894470388042,6802.9349425287355,0.45,0.9537496194834628,off_bottom_ROB
540,158.77549400510551,6602.848620689655,0.0,0.0,off_bottom_static
541,160.4295220889614,6602.848620689655,0.15,0.3102014030723713,off_bottom_POOH
542,162.14772760557716,6602.848620689655,0.3,0.6324384062953716,off_bottom_POOH
543,163.9327012263043,6602.848620689655,0.45,0.967196803685974,off_bottom_POOH
544,157.1831548909256,6602.848620689655,-0.15,0.29863243199663086,off_bottom_RIH
545,155.65011440866863,6602.848620689655,-0.3,0.5861441226186677,off_bottom_RIH
546,154.17407642740187,6602.848620689655,-0.45,0.8629656369316637,off_bottom_RIH
547,160.41090044054948,6602.848620689655,0.15,0.3067090447497104,off_bottom_ROB
548,162.00063173733145,6602.848620689655,0.3,0.6048516501976572,off_bottom_ROB
549,163.45612169172102,6602.848620689655,0.45,0.877817900416522,off_bottom_ROB
550,155.3452693804673,6402.762298850575,0.0,0.0,off_bottom_static
551,156.85372844012815,6402.762298850575,0.15,0.28308311404846875,off_bottom_POOH
552,158.41947721266874,6402.762298850575,0.3,0.5769125046889557,off_bottom_POOH
553,160.04477843328638,6402.762298850575,0.45,0.8819126464003694,off_bottom_POOH
554,153.89192475889442,6402.762298850575,-0.15,0.2727449071105301,off_bottom_RIH
555,152.4916033288833,6402.762298850575,-0.3,0.5355439157117416,off_bottom_RIH
556,151.14229457594084,6402.762298850575,-0.45,0.7887741911238806,off_bottom_RIH
557,156.83675192332205,6402.762298850575,0.15,0.27989726182261915,off_bottom_ROB
558,158.28547658200276,6402.762298850575,0.3,0.5517660243925171,off_bottom_ROB
559,159.61093439657515,6402.762298850575,0.45,0.800498867296117,off_bottom_ROB
560,151.9142374207001,6202.675977011494,0.0,0.0,off_bottom_static
561,234.68448137963247,6202.675977011494,0.15,16.32930970616607,off_bottom_POOH
562,320.09231828738626,6202.675977011494,0.3,33.15317753861594,off_bottom_POOH
563,408.20276047626675,6202.675977011494,0.45,50.483793357542176,off_bottom_POOH
564,70.3009242558382,6202.675977011494,-0.15,16.112375780347314,off_bottom_RIH
565,-13.883359867361746,6202.675977011494,-0.3,32.70679925850425,off_bottom_RIH
566,-100.70101708943324,6202.675977011494,-0.45,49.79497087951371,off_bottom_RIH
567,233.75447355898254,6202.675977011494,0.15,16.145972906058606,off_bottom_ROB
568,312.78588718987237,6202.675977011494,0.3,31.71490913627093,off_bottom_ROB
569,384.65990583891653,6202.675977011494,0.45,45.85550365940323,off_bottom_ROB
570,148.48422701688273,6002.589655172414,0.0,0.0,off_bottom_static
571,149.7140824706459,6002.589655172414,0.15,0.23074799934513604,off_bottom_POOH
572,150.99015972077893,6002.589655172414,0.3,0.4701717479277722,off_bottom_POOH
573,152.31426615568918,6002.589655172414,0.45,0.7186104508281652,off_bottom_POOH
574,147.29885493582714,6002.589655172414,-0.15,0.2223985134497889,off_bottom_RIH
575,146.1562940943679,6002.589655172414,-0.3,0.4367613643600606,off_bottom_RIH
576,145.05493608056625,6002.589655172414,-0.45,0.6433904181876942,off_bottom_RIH
577,149.7002435955481,6002.589655172414,0.15,0.22815150359098332,off_bottom_ROB
578,150.8809624742805,6002.589655172414,0.3,0.44968352302324893,off_bottom_ROB
579,151.96084033555775,6002.589655172414,0.45,0.6522978287097597,off_bottom_ROB
580,145.05230957188024,5802.503333333333,0.0,0.0,off_bottom_static
581,146.1574162338946,5802.503333333333,0.15,0.20787659169330358,off_bottom_POOH
582,147.30293105940834,5802.503333333333,0.3,0.42334173079337,off_bottom_POOH
583,148.4903853249043,5802.503333333333,0.45,0.6466829585747663,off_bottom_POOH
584,143.98613626271626,5802.503333333333,-0.15,0.20056498229552205,off_bottom_RIH
585,142.9574758495008,5802.503333333333,-0.3,0.3940850865227307,off_bottom_RIH
586,141.96496019665244,5802.503333333333,-0.45,0.5808172189609476,off_bottom_RIH
587,146.14498633919953,5802.503333333333,0.15,0.20553852675887108,off_bottom_ROB
588,147.20493931720935,5802.503333333333,0.3,0.4049104734068024,off_bottom_ROB
589,148.17349880327328,5802.503333333333,0.45,0.5870827788324635,off_bottom_ROB
590,141.61244417524648,5602.417011494253,0.0,0.0,off_bottom_static
591,142.5981420749231,5602.417011494253,0.15,0.18641712995633875,off_bottom_POOH
592,143.6187827465579,5602.417011494253,0.3,0.3794018962154281,off_bottom_POOH
593,144.67563962625286,5602.417011494253,0.45,0.5791936116883883,off_bottom_POOH
594,140.66046035474375,5602.417011494253,-0.15,0.180080395330098,off_bottom_RIH
595,139.74100508018938,5602.417011494253,-0.3,0.3540468442954338,off_bottom_RIH
596,138.85293445010956,5602.417011494253,-0.45,0.5221143090378036,off_bottom_RIH
597,142.58706026643733,5602.417011494253,0.15,0.1843215249195345,off_bottom_ROB
598,143.53150376019798,5602.417011494253,0.3,0.3629003922821103,off_bottom_ROB
599,144.3936603335616,5602.417011494253,0.45,0.5258904455874112,off_bottom_ROB
600,138.1687485229778,5402.330689655172,0.0,0.0,off_bottom_static
601,265.6575281593638,5402.330689655172,0.15,24.408428464634955,off_bottom_POOH
602,399.9514091438828,5402.330689655172,0.3,50.09289885502973,off_bottom_POOH
603,541.3305595545178,5402.330689655172,0.45,77.10594292775666,off_bottom_POOH
604,11.870700376942484,5402.330689655172,-0.15,24.185081128845336,off_bottom_RIH
605,-121.09705466520458,5402.330689655172,-0.3,49.620647360684934,off_bottom_RIH
606,-261.00697656925837,5402.330689655172,-0.45,76.35778518011587,off_bottom_RIH
607,264.21041093658306,5402.330689655172,0.15,24.13151442510039,off_bottom_ROB
608,388.3565144220003,5402.330689655172,0.3,47.87631226852586,off_bottom_ROB
609,503.2810672634524,5402.330689655172,0.45,69.8383674728718,off_bottom_ROB
610,134.7360412741684,5202.244367816092,0.0,0.0,off_bottom_static
611,135.47942100745928,5202.244367816092,0.15,0.14184443103000283,off_bottom_POOH
612,136.24666160126924,5202.244367816092,0.3,0.2881627734073223,off_bottom_POOH
613,137.0385398807334,5202.244367816092,0.45,0.43910068184480744,off_bottom_POOH
614,134.01576928447454,5202.244367816092,-0.15,0.13751172910555456,off_bottom_RIH
615,133.31787491221021,5202.244367816092,-0.3,0.2708276549430739,off_bottom_RIH
616,132.64165032536883,5202.244367816092,-0.45,0.4000804960137909,off_bottom_RIH
617,135.471076010991,5202.244367816092,0.15,0.14025251953231055,off_bottom_ROB
618,136.18113749717125,5202.244367816092,0.3,0.2756694475510672,off_bottom_ROB
619,136.8274598890295,5202.244367816092,0.45,0.39887297094235385,off_bottom_ROB
620,131.31764078240008,5002.158045977011,0.0,0.0,off_bottom_static
621,131.93012547723157,5002.158045977011,0.15,0.11721969566149965,off_bottom_POOH
622,132.56157888087048,5002.158045977011,0.3,0.2379962352356016,off_bottom_POOH
623,133.2126079933438,5002.158045977011,0.45,0.362443431467826,off_bottom_POOH
624,130.7235363998864,5002.158045977011,-0.15,0.11377317633115995,off_bottom_RIH
625,130.1472419739035,5002.158045977011,-0.3,0.22420677528253224,off_bottom_RIH
626,129.58820464325154,5002.158045977011,-0.45,0.3314044585695422,off_bottom_RIH
627,131.92325383128812,5002.158045977011,0.15,0.1159049425474659,off_bottom_ROB
628,132.5076814754816,5002.158045977011,0.3,0.2276897992329124,off_bottom_ROB
629,133.03915606572838,5002.158045977011,0.45,0.3292924973966763,off_bottom_ROB
630,127.9004130871063,4802.071724137931,0.0,0.0,off_bottom_static
631,128.3223267997993,4802.071724137931,0.15,0.07953464011133876,off_bottom_POOH
632,128.75493024097122,4802.071724137931,0.3,0.16107433328206147,off_bottom_POOH
633,129.19849981115533,4802.071724137931,0.45,0.24467090812063713,off_bottom_POOH
634,127.48891964630751,4802.071724137931,-0.15,0.07758011364462752,off_bottom_RIH
635,127.08758379196223,4802.071724137931,-0.3,0.1532549578004911,off_bottom_RIH
636,126.6961494412216,4802.071724137931,-0.45,0.22707255143450747,off_bottom_RIH
637,128.31760670991397,4802.071724137931,0.15,0.07864491068655804,off_bottom_ROB
638,128.7181090059252,4802.071724137931,0.3,0.15413438254645037,off_bottom_ROB
639,129.08060913078413,4802.071724137931,0.45,0.22245359860545372,off_bottom_ROB
640,124.48545916613114,4601.98540229885,0.0,0.0,off_bottom_static
641,181.94650306070616,4601.98540229885,0.15,11.039968748675914,off_bottom_POOH
642,241.2340713897814,4601.98540229885,0.3,22.422415318140636,off_bottom_POOH
643,302.39280127918977,4601.98540229885,0.45,34.155709209931416,off_bottom_POOH
644,67.4199214538075,4601.98540229885,-0.15,10.965806890284401,off_bottom_RIH
645,8.552554767187532,4601.98540229885,-0.3,22.269452303788484,off_bottom_RIH
646,-52.16029270789016,4601.98540229885,-0.45,33.919120995084754,off_bottom_RIH
647,181.30088572648353,4601.98540229885,0.15,10.915972307121923,off_bottom_ROB
648,236.16222497038186,4601.98540229885,0.3,21.449005468364277,off_bottom_ROB
649,286.0512974742836,4601.98540229885,0.45,31.021382884966897,off_bottom_ROB
650,121.06381447996505,4401.89908045977,0.0,0.0,off_bottom_static
651,691.941497227789,4401.89908045977,0.15,116.14002887083699,off_bottom_POOH
652,1281.0950689886054,4401.89908045977,0.3,235.71142313993013,off_bottom_POOH
653,1888.979608163101,4401.89908045977,0.45,358.79953568271634,off_bottom_POOH
654,-449.3470706783528,4401.89908045977,-0.15,116.05112347704892,off_bottom_RIH
655,-1037.652256420873,4401.89908045977,-0.3,235.4593046724357,off_bottom_RIH
656,-1644.2888653282364,4401.89908045977,-0.45,358.3065263977653,off_bottom_RIH
657,685.5265238063436,4401.89908045977,0.15,114.83651204193508,off_bottom_ROB
658,1230.6891008459015,4401.89908045977,0.3,225.49213779553605,off_bottom_ROB
659,1726.5368016244495,4401.89908045977,0.45,325.93395692522733,off_bottom_ROB
660,117.64928277331691,4201.812758620689,0.0,0.0,off_bottom_static
661,117.78730574713022,4201.812758620689,0.15,0.026895832280007605,off_bottom_POOH
662,117.92679730773301,4201.812758620689,0.3,0.05406385805187741,off_bottom_POOH
663,118.06777049865624,4201.812758620689,0.45,0.08150652148095802,off_bottom_POOH
664,117.51271542190601,4201.812758620689,-0.15,0.026626068048769134,off_bottom_RIH
665,117.37759080758664,4201.812758620689,-0.3,0.05298478623471001,off_bottom_RIH
666,117.2438961240518,4201.812758620689,-0.45,0.07907855404742356,off_bottom_RIH
667,117.78577203598107,4201.812758620689,0.15,0.026597027915797166,off_bottom_ROB
668,117.91499442665123,4201.812758620689,0.3,0.0517654012283129,off_bottom_ROB
669,118.03046535047336,4201.812758620689,0.45,0.07424489555451219,off_bottom_ROB
670,114.24432627306392,4001.726436781609,0.0,0.0,off_bottom_static
671,114.3362231493918,4001.726436781609,0.15,0.01845986277824906,off_bottom_POOH
672,114.42844799046685,4001.726436781609,0.3,0.03697502540596642,off_bottom_POOH
673,114.52100031002622,4001.726436781609,0.45,0.055545393616988396,off_bottom_POOH
674,114.15275782629806,4001.726436781609,-0.15,0.018404472509931043,off_bottom_RIH
675,114.06151825253843,4001.726436781609,-0.3,0.03675346816518249,off_bottom_RIH
676,113.97060797393725,4001.726436781609,-0.45,0.05504690419685551,off_bottom_RIH
677,114.33520510428777,4001.726436781609,0.15,0.018255409327458158,off_bottom_ROB
678,114.42066329509974,4001.726436781609,0.3,0.03541241066242443,off_bottom_ROB
679,114.49654380386663,4001.726436781609,0.45,0.05063857861641442,off_bottom_ROB
680,110.82616491911314,3801.6401149425287,0.0,0.0,off_bottom_static
681,121.76688856899807,3801.6401149425287,0.15,2.0968475316138004,off_bottom_POOH
682,132.70323371566357,3801.6401149425287,0.3,4.192866212432938,off_bottom_POOH
683,143.6352131144562,3801.6401149425287,0.45,6.288058449568346,off_bottom_POOH
684,99.88100210478328,3801.6401149425287,-0.15,2.097689266998316,off_bottom_RIH
685,88.93137277167995,3801.6401149425287,-0.3,4.196225863340719,off_bottom_RIH
686,77.97726384620616,3801.6401149425287,-0.45,6.295612258332337,off_bottom_RIH
687,121.64586621205991,3801.6401149425287,0.15,2.073652899373403,off_bottom_ROB
688,131.78092023482645,3801.6401149425287,0.3,4.016098671818778,off_bottom_ROB
689,140.7468884580902,3801.6401149425287,0.45,5.734489235344561,off_bottom_ROB
690,107.39662032163001,3601.5537931034482,0.0,0.0,off_bottom_static
691,107.39997592810451,3601.5537931034482,0.15,0.0007089115468832868,off_bottom_POOH
692,107.40333153457904,3601.5537931034482,0.3,0.0014178230937665736,off_bottom_POOH
693,107.40668714105355,3601.5537931034482,0.45,0.0021267346406498603,off_bottom_POOH
694,107.39326471515548,3601.5537931034482,-0.15,0.0007089115468832868,off_bottom_RIH
695,107.38990910868097,3601.5537931034482,-0.3,0.0014178230937665736,off_bottom_RIH
696,107.38655350220645,3601.5537931034482,-0.45,0.0021267346406498603,off_bottom_RIH
697,107.39993880285859,3601.5537931034482,0.15,0.0007010683996809807,off_bottom_ROB
698,107.4030484977983,3601.5537931034482,0.3,0.0013580282270031975,off_bottom_ROB
699,107.40580047075106,3601.5537931034482,0.45,0.0019394150546094594,off_bottom_ROB
700,103.96317555452134,3401.4674712643678,0.0,0.0,off_bottom_static
701,103.96317555452134,3401.4674712643678,0.15,0.0,off_bottom_POOH
702,103.96317555452134,3401.4674712643678,0.3,0.0,off_bottom_POOH
703,103.96317555452134,3401.4674712643678,0.45,0.0,off_bottom_POOH
704,103.96317555452134,3401.4674712643678,-0.15,0.0,off_bottom_RIH
705,103.96317555452134,3401.4674712643678,-0.3,0.0,off_bottom_RIH
706,103.96317555452134,3401.4674712643678,-0.45,0.0,off_bottom_RIH
707,103.96317555452134,3401.4674712643678,0.15,0.0,off_bottom_ROB
708,103.96317555452134,3401.4674712643678,0.3,0.0,off_bottom_ROB
709,103.96317555452134,3401.4674712643678,0.45,0.0,off_bottom_ROB
710,100.52963317670263,3201.3811494252873,0.0,0.0,off_bottom_static
711,100.52963317670263,3201.3811494252873,0.15,0.0,off_bottom_POOH
712,100.52963317670263,3201.3811494252873,0.3,0.0,off_bottom_POOH
713,100.52963317670263,3201.3811494252873,0.45,0.0,off_bottom_POOH
714,100.52963317670263,3201.3811494252873,-0.15,0.0,off_bottom_RIH
715,100.52963317670263,3201.3811494252873,-0.3,0.0,off_bottom_RIH
716,100.52963317670263,3201.3811494252873,-0.45,0.0,off_bottom_RIH
717,100.52963317670263,3201.3811494252873,0.15,0.0,off_bottom_ROB
718,100.52963317670263,3201.3811494252873,0.3,0.0,off_bottom_ROB
719,100.52963317670263,3201.3811494252873,0.45,0.0,off_bottom_ROB
720,97.0960907988839,3001.294827586207,0.0,0.0,off_bottom_static
721,97.0960907988839,3001.294827586207,0.15,0.0,off_bottom_POOH
722,97.0960907988839,3001.294827586207,0.3,0.0,off_bottom_POOH
723,97.0960907988839,3001.294827586207,0.45,0.0,off_bottom_POOH
724,97.0960907988839,3001.294827586207,-0.15,0.0,off_bottom_RIH
725,97.0960907988839,3001.294827586207,-0.3,0.0,off_bottom_RIH
726,97.0960907988839,3001.294827586207,-0.45,0.0,off_bottom_RIH
727,97.0960907988839,3001.294827586207,0.15,0.0,off_bottom_ROB
728,97.0960907988839,3001.294827586207,0.3,0.0,off_bottom_ROB
729,97.0960907988839,3001.294827586207,0.45,0.0,off_bottom_ROB
730,93.66254842106518,2801.2085057471263,0.0,0.0,off_bottom_static
731,93.66254842106518,2801.2085057471263,0.15,0.0,off_bottom_POOH
732,93.66254842106518,2801.2085057471263,0.3,0.0,off_bottom_POOH
733,93.66254842106518,2801.2085057471263,0.45,0.0,off_bottom_POOH
734,93.66254842106518,2801.2085057471263,-0.15,0.0,off_bottom_RIH
735,93.66254842106518,2801.2085057471263,-0.3,0.0,off_bottom_RIH
736,93.66254842106518,2801.2085057471263,-0.45,0.0,off_bottom_RIH
737,93.66254842106518,2801.2085057471263,0.15,0.0,off_bottom_ROB
738,93.66254842106518,2801.2085057471263,0.3,0.0,off_bottom_ROB
739,93.66254842106518,2801.2085057471263,0.45,0.0,off_bottom_ROB
740,90.22900604324646,2601.122183908046,0.0,0.0,off_bottom_static
741,90.22900604324646,2601.122183908046,0.15,0.0,off_bottom_POOH
742,90.22900604324646,2601.122183908046,0.3,0.0,off_bottom_POOH
743,90.22900604324646,2601.122183908046,0.45,0.0,off_bottom_POOH
744,90.22900604324646,2601.122183908046,-0.15,0.0,off_bottom_RIH
745,90.22900604324646,2601.122183908046,-0.3,0.0,off_bottom_RIH
746,90.22900604324646,2601.122183908046,-0.45,0.0,off_bottom_RIH
747,90.22900604324646,2601.122183908046,0.15,0.0,off_bottom_ROB
748,90.22900604324646,2601.122183908046,0.3,0.0,off_bottom_ROB
749,90.22900604324646,2601.122183908046,0.45,0.0,off_bottom_ROB
750,86.79546366542773,2401.0358620689653,0.0,0.0,off_bottom_static
751,86.79546366542773,2401.0358620689653,0.15,0.0,off_bottom_POOH
752,86.79546366542773,2401.0358620689653,0.3,0.0,off_bottom_POOH
753,86.79546366542773,2401.0358620689653,0.45,0.0,off_bottom_POOH
754,86.79546366542773,2401.0358620689653,-0.15,0.0,off_bottom_RIH
755,86.79546366542773,2401.0358620689653,-0.3,0.0,off_bottom_RIH
756,86.79546366542773,2401.0358620689653,-0.45,0.0,off_bottom_RIH
757,86.79546366542773,2401.0358620689653,0.15,0.0,off_bottom_ROB
758,86.79546366542773,2401.0358620689653,0.3,0.0,off_bottom_ROB
759,86.79546366542773,2401.0358620689653,0.45,0.0,off_bottom_ROB
760,83.36192128760901,2200.949540229885,0.0,0.0,off_bottom_static
761,83.36192128760901,2200.949540229885,0.15,0.0,off_bottom_POOH
762,83.36192128760901,2200.949540229885,0.3,0.0,off_bottom_POOH
763,83.36192128760901,2200.949540229885,0.45,0.0,off_bottom_POOH
764,83.36192128760901,2200.949540229885,-0.15,0.0,off_bottom_RIH
765,83.36192128760901,2200.949540229885,-0.3,0.0,off_bottom_RIH
766,83.36192128760901,2200.949540229885,-0.45,0.0,off_bottom_RIH
767,83.36192128760901,2200.949540229885,0.15,0.0,off_bottom_ROB
768,83.36192128760901,2200.949540229885,0.3,0.0,off_bottom_ROB
769,83.36192128760901,2200.949540229885,0.45,0.0,off_bottom_ROB
770,79.92837890979028,2000.8632183908046,0.0,0.0,off_bottom_static
771,79.92837890979028,2000.8632183908046,0.15,0.0,off_bottom_POOH
772,79.92837890979028,2000.8632183908046,0.3,0.0,off_bottom_POOH
773,79.92837890979028,2000.8632183908046,0.45,0.0,off_bottom_POOH
774,79.92837890979028,2000.8632183908046,-0.15,0.0,off_bottom_RIH
775,79.92837890979028,2000.8632183908046,-0.3,0.0,off_bottom_RIH
776,79.92837890979028,2000.8632183908046,-0.45,0.0,off_bottom_RIH
777,79.92837890979028,2000.8632183908046,0.15,0.0,off_bottom_ROB
778,79.92837890979028,2000.8632183908046,0.3,0.0,off_bottom_ROB
779,79.92837890979028,2000.8632183908046,0.45,0.0,off_bottom_ROB
780,76.41845820230584,1800.7768965517241,0.0,0.0,off_bottom_static
781,76.41845820230584,1800.7768965517241,0.15,0.0,off_bottom_POOH
782,76.41845820230584,1800.7768965517241,0.3,0.0,off_bottom_POOH
783,76.41845820230584,1800.7768965517241,0.45,0.0,off_bottom_POOH
784,76.41845820230584,1800.7768965517241,-0.15,0.0,off_bottom_RIH
785,76.41845820230584,1800.7768965517241,-0.3,0.0,off_bottom_RIH
786,76.41845820230584,1800.7768965517241,-0.45,0.0,off_bottom_RIH
787,76.41845820230584,1800.7768965517241,0.15,0.0,off_bottom_ROB
788,76.41845820230584,1800.7768965517241,0.3,0.0,off_bottom_ROB
789,76.41845820230584,1800.7768965517241,0.45,0.0,off_bottom_ROB
790,73.56861802871632,1600.6905747126436,0.0,0.0,off_bottom_static
791,73.56861802871632,1600.6905747126436,0.15,0.0,off_bottom_POOH
792,73.56861802871632,1600.6905747126436,0.3,0.0,off_bottom_POOH
793,73.56861802871632,1600.6905747126436,0.45,0.0,off_bottom_POOH
794,73.56861802871632,1600.6905747126436,-0.15,0.0,off_bottom_RIH
795,73.56861802871632,1600.6905747126436,-0.3,0.0,off_bottom_RIH
796,73.56861802871632,1600.6905747126436,-0.45,0.0,off_bottom_RIH
797,73.56861802871632,1600.6905747126436,0.15,0.0,off_bottom_ROB
798,73.56861802871632,1600.6905747126436,0.3,0.0,off_bottom_ROB
799,73.56861802871632,1600.6905747126436,0.45,0.0,off_bottom_ROB
800,70.71877785512679,1400.6042528735632,0.0,0.0,off_bottom_static
801,70.71877785512679,1400.6042528735632,0.15,0.0,off_bottom_POOH
802,70.71877785512679,1400.6042528735632,0.3,0.0,off_bottom_POOH
803,70.71877785512679,1400.6042528735632,0.45,0.0,off_bottom_POOH
804,70.71877785512679,1400.6042528735632,-0.15,0.0,off_bottom_RIH
805,70.71877785512679,1400.6042528735632,-0.3,0.0,off_bottom_RIH
806,70.71877785512679,1400.6042528735632,-0.45,0.0,off_bottom_RIH
807,70.71877785512679,1400.6042528735632,0.15,0.0,off_bottom_ROB
808,70.71877785512679,1400.6042528735632,0.3,0.0,off_bottom_ROB
809,70.71877785512679,1400.6042528735632,0.45,0.0,off_bottom_ROB
810,67.86893768153723,1200.5179310344827,0.0,0.0,off_bottom_static
811,67.86893768153723,1200.5179310344827,0.15,0.0,off_bottom_POOH
812,67.86893768153723,1200.5179310344827,0.3,0.0,off_bottom_POOH
813,67.86893768153723,1200.5179310344827,0.45,0.0,off_bottom_POOH
814,67.86893768153723,1200.5179310344827,-0.15,0.0,off_bottom_RIH
815,67.86893768153723,1200.5179310344827,-0.3,0.0,off_bottom_RIH
816,67.86893768153723,1200.5179310344827,-0.45,0.0,off_bottom_RIH
817,67.86893768153723,1200.5179310344827,0.15,0.0,off_bottom_ROB
818,67.86893768153723,1200.5179310344827,0.3,0.0,off_bottom_ROB
819,67.86893768153723,1200.5179310344827,0.45,0.0,off_bottom_ROB
820,65.0190975079477,1000.4316091954023,0.0,0.0,off_bottom_static
821,65.0190975079477,1000.4316091954023,0.15,0.0,off_bottom_POOH
822,65.0190975079477,1000.4316091954023,0.3,0.0,off_bottom_POOH
823,65.0190975079477,1000.4316091954023,0.45,0.0,off_bottom_POOH
824,65.0190975079477,1000.4316091954023,-0.15,0.0,off_bottom_RIH
825,65.0190975079477,1000.4316091954023,-0.3,0.0,off_bottom_RIH
826,65.0190975079477,1000.4316091954023,-0.45,0.0,off_bottom_RIH
827,65.0190975079477,1000.4316091954023,0.15,0.0,off_bottom_ROB
828,65.0190975079477,1000.4316091954023,0.3,0.0,off_bottom_ROB
829,65.0190975079477,1000.4316091954023,0.45,0.0,off_bottom_ROB
830,62.169257334358164,800.3452873563218,0.0,0.0,off_bottom_static
831,62.169257334358164,800.3452873563218,0.15,0.0,off_bottom_POOH
832,62.169257334358164,800.3452873563218,0.3,0.0,off_bottom_POOH
833,62.169257334358164,800.3452873563218,0.45,0.0,off_bottom_POOH
834,62.169257334358164,800.3452873563218,-0.15,0.0,off_bottom_RIH
835,62.169257334358164,800.3452873563218,-0.3,0.0,off_bottom_RIH
836,62.169257334358164,800.3452873563218,-0.45,0.0,off_bottom_RIH
837,62.169257334358164,800.3452873563218,0.15,0.0,off_bottom_ROB
838,62.169257334358164,800.3452873563218,0.3,0.0,off_bottom_ROB
839,62.169257334358164,800.3452873563218,0.45,0.0,off_bottom_ROB
840,59.31941716076862,600.2589655172413,0.0,0.0,off_bottom_static
841,59.31941716076862,600.2589655172413,0.15,0.0,off_bottom_POOH
842,59.31941716076862,600.2589655172413,0.3,0.0,off_bottom_POOH
843,59.31941716076862,600.2589655172413,0.45,0.0,off_bottom_POOH
844,59.31941716076862,600.2589655172413,-0.15,0.0,off_bottom_RIH
845,59.31941716076862,600.2589655172413,-0.3,0.0,off_bottom_RIH
846,59.31941716076862,600.2589655172413,-0.45,0.0,off_bottom_RIH
847,59.31941716076862,600.2589655172413,0.15,0.0,off_bottom_ROB
848,59.31941716076862,600.2589655172413,0.3,0.0,off_bottom_ROB
849,59.31941716076862,600.2589655172413,0.45,0.0,off_bottom_ROB
850,56.46957698717908,400.1726436781609,0.0,0.0,off_bottom_static
851,56.46957698717908,400.1726436781609,0.15,0.0,off_bottom_POOH
852,56.46957698717908,400.1726436781609,0.3,0.0,off_bottom_POOH
853,56.46957698717908,400.1726436781609,0.45,0.0,off_bottom_POOH
854,56.46957698717908,400.1726436781609,-0.15,0.0,off_bottom_RIH
855,56.46957698717908,400.1726436781609,-0.3,0.0,off_bottom_RIH
856,56.46957698717908,400.1726436781609,-0.45,0.0,off_bottom_RIH
857,56.46957698717908,400.1726436781609,0.15,0.0,off_bottom_ROB
858,56.46957698717908,400.1726436781609,0.3,0.0,off_bottom_ROB
859,56.46957698717908,400.1726436781609,0.45,0.0,off_bottom_ROB
860,53.00102196498026,200.08632183908045,0.0,0.0,off_bottom_static
861,53.00102196498026,200.08632183908045,0.15,0.0,off_bottom_POOH
862,53.00102196498026,200.08632183908045,0.3,0.0,off_bottom_POOH
863,53.00102196498026,200.08632183908045,0.45,0.0,off_bottom_POOH
864,53.00102196498026,200.08632183908045,-0.15,0.0,off_bottom_RIH
865,53.00102196498026,200.08632183908045,-0.3,0.0,off_bottom_RIH
866,53.00102196498026,200.08632183908045,-0.45,0.0,off_bottom_RIH
867,53.00102196498026,200.08632183908045,0.15,0.0,off_bottom_ROB
868,53.00102196498026,200.08632183908045,0.3,0.0,off_bottom_ROB
869,53.00102196498026,200.08632183908045,0.45,0.0,off_bottom_ROB
870,45.0,0.0,0.0,0.0,off_bottom_static
871,45.0,0.0,0.15,0.0,off_bottom_POOH
872,45.0,0.0,0.3,0.0,off_bottom_POOH
873,45.0,0.0,0.45,0.0,off_bottom_POOH
874,45.0,0.0,-0.15,0.0,off_bottom_RIH
875,45.0,0.0,-0.3,0.0,off_bottom_RIH
876,45.0,0.0,-0.45,0.0,off_bottom_RIH
877,45.0,0.0,0.15,0.0,off_bottom_ROB
878,45.0,0.0,0.3,0.0,off_bottom_ROB
879,45.0,0.0,0.45,0.0,off_bottom_ROB
