,0.0,0.20145462891144553,0.40290925782289105,0.6043638867343365,0.8058185156457821,1.0072731445572276,1.208727773468673,1.4101824023801186,1.6116370312915642,1.8130916602030098,2.014546289114455,2.216000918025901,2.417455546937346,2.618910175848792,2.820364804760237,3.021819433671683,3.2232740625831284,3.4247286914945736,3.6261833204060197,3.827637949317465,4.02909257822891,4.230547207140356,4.432001836051802,4.633456464963246,4.834911093874692,5.0363657227861385,5.237820351697584,5.43927498060903,5.640729609520474,5.84218423843192,6.043638867343366,6.245093496254811,6.446548125166257,6.648002754077702
0.0,1.829183269549127,1.829183269549127,1.8281109157653699,1.8275877559206262,1.8276800784619662,1.8266337661095622,1.8278031764066,1.827987817820737,1.8276800784619662,1.8283878797208475,1.8291832695491275,1.828572524803527,1.8291832695491275,1.829218778924362,1.8300804498626289,1.8299265801832438,1.8298342576419042,1.829372648603748,1.8293110977971598,1.829183269549128,1.829183269549128,1.8291832695491275,1.8289110395655914,1.830695928580171,1.8283263325828016,1.8296496125592252,1.8302343195420154,1.8297727105038588,1.830695928580171,1.830049674459335,1.82989580477995,1.8313114072977124,1.8310344433422359,1.8291832695491275
0.1399993920349516,1.830851376443566,1.830851376443566,1.8286960602871871,1.829465408684114,1.8296500500982515,1.8283267701218284,1.8293423107394808,1.829773148042886,1.8293423107394808,1.8293115390047299,1.8308513764435665,1.829557731225454,1.830851376443566,1.8318350046814833,1.8310041054779684,1.831804229278189,1.8303886267604268,1.831188750560648,1.8311887505606483,1.8314041673780797,1.830851376443567,1.8307579132572431,1.8309733337432164,1.8317426821401437,1.8306655943844463,1.8331582846579064,1.8320811969022086,1.8314657145161242,1.8322042911782999,1.8319888743608688,1.830851376443566,1.8330659621165668,1.8326043530784102,1.830851376443566
0.2799987840699032,1.8497900775299148,1.8491791577237635,1.8478558777473404,1.8487790958236532,1.8475789101233224,1.8475789101233224,1.8475481383885708,1.8489329655030384,1.8487175486856073,1.8497900775299148,1.8494561216792405,1.8497638647065537,1.8486252261442677,1.8511794635557741,1.8502870208827562,1.850994822141637,1.850563984838232,1.850717854517618,1.8502562454794613,1.8502870208827558,1.8512717860971137,1.8499177343859396,1.8498869589826459,1.8508101770589582,1.8497900775299156,1.8497900775299156,1.8497900775299148,1.8506870827828659,1.850563984838232,1.8503177926175067,1.8497900775299148,1.852010362759289,1.850563984838232,1.8497900775299148
0.430000307969749,1.834065509985937,1.8340655099859364,1.833219895141816,1.8329429275177964,1.8326659635623201,1.8315888758066228,1.8324505467448897,1.8328506086449998,1.8329429275177973,1.8335584099038813,1.8338969209974039,1.834065509985937,1.834020018942037,1.8343277583008082,1.8351894292390745,1.8351586538357807,1.83475859193567,1.8347278202009183,1.8347893673389637,1.8346354976595782,1.834065509985937,1.8339584718039916,1.8333429894179076,1.834065509985937,1.8340655099859375,1.8340655099859364,1.8340655099859364,1.8340655099859364,1.83475859193567,1.834850914477009,1.8363280641328183,1.8365434846187922,1.834065509985937,1.834065509985937
0.5699997000047006,1.8630250569937068,1.8639175005133122,1.8639175005133122,1.8625942196903023,1.8623788028728712,1.8621018352488523,1.8618864184314212,1.8623172557348258,1.8623788028728716,1.8639175005133122,1.8625326725522569,1.8658562620292323,1.8636097603079547,1.8649330402843773,1.8639790468047708,1.8647176234669458,1.8644714312462216,1.8641944672907447,1.86434833697013,1.8641636918874505,1.8639790468047712,1.863517437766615,1.8639175005133122,1.8647483988702407,1.8649638156876716,1.8644406595114695,1.8639175005133122,1.8639175005133122,1.865271555046442,1.8647176234669463,1.8653946493225335,1.8653331021844886,1.8639175005133122,1.8639175005133126
0.7199974080431275,1.816098277479948,1.816098277479948,1.8153230097485493,1.8147998535723473,1.8145844367549162,1.8144921142135766,1.814184374854806,1.8145844367549169,1.8133534756512908,1.816098277479948,1.8143997916722365,1.816098277479948,1.8161539089520642,1.8162770032281559,1.8171078987631286,1.816954029083743,1.8167386122663116,1.8164924200455863,1.8164616483108351,1.8164000975042467,1.816098277479948,1.8150152703897777,1.8175079606632392,1.818092667646029,1.8161231335487704,1.8168001594043575,1.8169232573489913,1.816098277479948,1.816646289724972,1.8169848044870371,1.8183080844634598,1.8178464754253036,1.816098277479948,1.816098277479948
0.8600006161141209,1.8148149003869631,1.8148149003869631,1.8127279695319072,1.81365118760822,1.8132203539733582,1.8131588068353124,1.8120509436763206,1.8131280314320184,1.8128818392112933,1.813435770790789,1.8148149003869631,1.813681963011514,1.815159112667322,1.8157130442468183,1.8159900082022946,1.8156822688435241,1.8148149003869627,1.8151898880706163,1.8151283372640281,1.8147590507672118,1.8148149003869627,1.8148149003869622,1.816482392643745,1.8142358945910098,1.8148821487118456,1.8157745913848642,1.8153437577500022,1.8157745913848637,1.8162669758263141,1.8158976893294976,1.8169440016819016,1.8165131680470399,1.81632852296436,1.8148149003869631
1.0099983239779249,1.8424054421100389,1.8417150792680796,1.8404225746949503,1.8400532845295916,1.8410688251472431,1.8404533464297024,1.8408534083298127,1.8409149554678585,1.8407303140537215,1.8410996005505378,1.8405764443743362,1.841222694826629,1.8424054421100389,1.8426382973443918,1.8436230662272923,1.8434076494098608,1.842269010847575,1.8429768121064567,1.8428537178303646,1.842792167023777,1.8424054421100389,1.843653837962044,1.84269984815098,1.8419304960855105,1.8437769359066778,1.844023128127403,1.8429768121064567,1.8434384211446129,1.843223004327182,1.8443616392209252,1.8438384830447232,1.8440538998621547,1.8445155089003107,1.8424054421100389
1.1499977160128765,1.8477070601945071,1.8477070601945071,1.8462957021804531,1.8477070601945071,1.8460187382249764,1.8457725460042511,1.8459264156836368,1.845741770600957,1.845834093142297,1.8459264156836368,1.8454340312421862,1.8472496956600593,1.8479574969189407,1.8484498813603911,1.8486345227745278,1.8484498813603902,1.8485114284984365,1.8480190440569866,1.8479882686536924,1.8476805292949217,1.8479574969189407,1.8477070601945071,1.847403565339445,1.8474343407427392,1.8485729756364824,1.849219229757318,1.8481729137363716,1.8486960699125736,1.8491576826192726,1.8498039330715654,1.8487268453158678,1.8489730375365927,1.8494961937127947,1.8477070601945071
1.2999992400873452,1.8206186130694109,1.820187776988854,1.818956819553771,1.8194184285919273,1.8193876531886328,1.8188029498743854,1.81806437321221,1.819079913829862,1.819110689233156,1.8184952105156145,1.8179412789361182,1.8206186130694104,1.8206186130694109,1.8216957020479565,1.8220649885447728,1.8220034414067265,1.8217264774512498,1.8216957020479565,1.82132641555114,1.82114177046846,1.8213571872858916,1.82114177046846,1.8209571253857808,1.8200646827127622,1.8206186142922585,1.821757249186002,1.8216341549099104,1.8210802233304146,1.8217880245892961,1.8219726660034323,1.8221265356828182,1.822526597582929,1.8206186130694109,1.8204339692095797
1.4399986321222968,1.8087055039524143,1.8087055039524147,1.8068043556999671,1.8073890626827571,1.8069582253793521,1.80585036222036,1.8068351311032613,1.8069890007826466,1.8069274536446005,1.8076044795001878,1.8087055039524138,1.808589244714546,1.8087055039524143,1.8094509193213555,1.8091431762940418,1.8097894304148772,1.8095124664594013,1.8095124664594004,1.8096971078735375,1.8091431762940413,1.8087055039524138,1.8080968639416382,1.8088662123385648,1.8088969877418593,1.808958534879905,1.8087055039524143,1.8088046652005194,1.8098202058181716,1.8097586586801262,1.8098817529562174,1.8100663980388962,1.810620329618392,1.8110819386565487,1.8087055039524138
1.5900001560221426,1.8491409799896947,1.8491409799896947,1.8478125709016744,1.8476587012222885,1.8471355413775448,1.8470124471014528,1.8469201245601132,1.8470739942394983,1.8468893528253616,1.847812570901674,1.8476279258189947,1.8539981371489265,1.8491409799896947,1.8502437140370886,1.8501821668990428,1.848981981198712,1.8497513295956387,1.849782104998933,1.8495666881815025,1.8491973980161434,1.8491358508780975,1.8491666262813917,1.8489204340606666,1.8488588869226208,1.8489204340606662,1.849720557860887,1.849812876733685,1.8501206160924553,1.8498744275402723,1.8499667464130698,1.8502129386337944,1.8508591927546305,1.851013062434016,1.8491409799896947
1.7299995480570942,1.7889085634721733,1.7889085634721733,1.786927355313572,1.7876043848377017,1.7870504532582054,1.7857579450165344,1.7868042610374797,1.7868965835788204,1.7868350364407746,1.786373423734076,1.7884660557759682,1.7889085634721733,1.7889085634721733,1.790189397652502,1.790097075111162,1.7889892119521702,1.7896354660730054,1.7907433292319979,1.789204628769601,1.7893277267142351,1.7890507590902156,1.7880659938758579,1.788804570538033,1.7889276648141244,1.7887430197314451,1.7910818439940628,1.7917280944463556,1.7899124300284825,1.789881658293731,1.7899124300284825,1.790189397652502,1.7904971370112726,1.7906510066906582,1.7889085634721733
1.8799972560955212,1.8155432878081341,1.8155432878081341,1.814575091566118,1.8144519972900268,1.8141750296660082,1.813559550948466,1.8137134206278516,1.813774967765897,1.8127902025515392,1.8142673522073474,1.814113482527962,1.8155432878081341,1.8155432878081341,1.816698495342762,1.8168215896188533,1.8167292707460565,1.8164523031220365,1.8163599805806963,1.8162061109013117,1.816113788359972,1.8155432878081337,1.8158368244044953,1.81568295472511,1.8156214075870643,1.8156521793218159,1.8175293908777348,1.8155432878081341,1.8155432878081341,1.816790817884102,1.8168215896188533,1.817129328977624,1.8170985572428724,1.8155432878081341,1.815159798548908
2.0200004639918916,1.7903779518881997,1.7900189225004284,1.7894649909209326,1.7892803458382527,1.789003381882776,1.7883571277619406,1.7885725445793714,1.7886033199826652,1.7885417728446198,1.7872492646029488,1.7895573134622718,1.7903779518881993,1.7903779518881993,1.7912806553388056,1.7916191701008701,1.7903779518881997,1.7914037496148965,1.7903882089972445,1.7910036877147861,1.7909421405767407,1.7907267237593099,1.7905113069418783,1.7905728540799242,1.7907574991626036,1.7903779518881997,1.7907267237593099,1.7903779518881997,1.7913422024768515,1.7915268475595307,1.7917114889736676,1.7919576811943927,1.7920500037357319,1.7930347726186329,1.7903779518881993
2.1699981720303185,1.7838732771388814,1.783294068777268,1.7827709089325232,1.7825247167117981,1.7838732771388814,1.7806475051558792,1.7816014986354858,1.781816915452917,1.7816938211768254,1.7819400133975507,1.7863099152269302,1.7838732771388814,1.7838732771388814,1.7834787101914047,1.7848943127091674,1.7840634171741951,1.7848019901678278,1.7846173487536907,1.78430960939492,1.7841557397155345,1.7838787720915155,1.7840326417709005,1.7838172249534696,1.7838480003567638,1.7838732771388814,1.7842172868535804,1.7850174106538008,1.784740443029782,1.7848019901678278,1.784986635250507,1.7852020520679381,1.7850789577918467,1.7859098533268194,1.783873277138881
2.30999756406527,1.8467828809600528,1.8467828809600528,1.8450499898673105,1.8456039214468063,1.8462501718990996,1.844926891922677,1.8444960582878143,1.844742250508539,1.8445268300225652,1.844926891922676,1.845480823502172,1.8468964260199348,1.846782880960052,1.8473580350580914,1.8478196440962473,1.8479735137756335,1.8475734555440653,1.8465579112578707,1.8474195821961368,1.847111842837366,1.8471426182406603,1.8470502956993207,1.8468656542851836,1.847019523964569,1.8467828809600528,1.8472964879200453,1.8479427420408818,1.8477580969582015,1.847819644096248,1.8479427420408814,1.8481273834550185,1.8481581588583122,1.8488659601171942,1.8467828809600524
2.459999087965116,1.8443986869759572,1.843676523250782,1.843676523250782,1.842907174853855,1.8438611683334611,1.8423224715396072,1.8420762793188825,1.8421686018602217,1.8422609207330192,1.842291696136313,1.8421070510536335,1.8443986869759572,1.8443986869759577,1.8453383179892693,1.8453690933925642,1.8455229630719487,1.8452767708512234,1.844969031492453,1.8451536765751322,1.8448151618130673,1.8448151618130673,1.8445997449956364,1.8458614741654713,1.8445997449956364,1.8446305167303885,1.8448459335478193,1.8447228392717276,1.8453383179892693,1.8454306405306091,1.8455537348067004,1.8457691552926738,1.8456152856132884,1.8463846340102157,1.8443986869759572
2.5999984800000675,1.780603236212635,1.7806032362126354,1.7806032362126354,1.7794212896905373,1.7792366446078576,1.7783441982662973,1.7783441982662969,1.7784057490728848,1.7773286576486442,1.7806032362126354,1.7783134265315457,1.7806032362126354,1.7806032362126354,1.7808676639430516,1.7807753414017116,1.7816062406052269,1.7816062406052264,1.7810523090257304,1.7814831426605928,1.7812369504398677,1.7808061168050053,1.7810215336224366,1.7809292110810966,1.780775341401712,1.780898439346345,1.781083080760482,1.7810215336224362,1.7815446934671815,1.7816677877432727,1.7818216574226573,1.7820063025053372,1.7820370742400886,1.7826525529576305,1.7806032362126354
2.7500000040745363,1.8061063079773516,1.8061063079773516,1.806105124449092,1.80548964573155,1.8061063079773516,1.8043817825725583,1.8032123722755207,1.8042894600312187,1.8041355903518335,1.8041971374898784,1.8040740432137872,1.8061063079773516,1.8061063079773516,1.8062282187251835,1.8066590560285876,1.8068129257079735,1.8066898314318818,1.8032431440102727,1.8062282187251828,1.8071514404700375,1.8069667953873576,1.806874472846018,1.8069667953873576,1.8067513785699267,1.8061063079773512,1.8070898896634493,1.8070898896634493,1.8075515023701478,1.8076745966462395,1.8078284663256246,1.8071514404700375,1.8079207888669642,1.8061063079773512,1.8061063079773512
2.889999396109488,1.828792364502523,1.8287923645025235,1.8267294111007273,1.8274064369563143,1.8344229024070817,1.826483218880002,1.8262370266592773,1.8263908963386624,1.826329349200617,1.8263601209353686,1.826914052514864,1.8269755996529098,1.8287923645025235,1.8287923645025235,1.8298068046884348,1.8297144858156378,1.8293759710535735,1.8287923645025235,1.8295298407329585,1.8289143620154173,1.8302376419918398,1.8289759091534628,1.829006684556757,1.8289759091534632,1.8289759091534632,1.8292221013741883,1.8292221013741883,1.829683710412344,1.829837580091729,1.8299914497711147,1.8302068665885456,1.8301453194504997,1.830114544047206,1.8287923645025235
3.039997103973292,1.783357806690304,1.7831709666400162,1.7820015526744364,1.7826785821985662,1.781262979680803,1.7815399436362798,1.7801243411185166,1.7812937514155542,1.7803397616044903,1.781416849360188,1.7817245887189588,1.783357806690303,1.7833578066903035,1.7833578066903035,1.785048178195935,1.7839095396336486,1.7836633474129235,1.783357806690303,1.7834479305954931,1.7840634093130348,1.783909539633649,1.7838787678988972,1.783940315036943,1.784094184716328,1.7840634093130343,1.7842788261304652,1.7844326958098506,1.7847096634338693,1.7848635331132547,1.7848943085165492,1.7851404970687317,1.7851404970687317,1.7849866273893467,1.783357806690304
3.1800003120442852,1.7792288109108207,1.7792288109108207,1.7786726010305411,1.7779340243683655,1.7808267765419368,1.7776878321476404,1.7759337185363553,1.777010806292053,1.7761183599504924,1.776241457895126,1.777626285009595,1.7769800308887589,1.7792288109108207,1.7809806462213225,1.7792288109108207,1.7796881416481936,1.7801805260896435,1.7792288109108207,1.7792288109108207,1.7800882035483034,1.779749688786239,1.779749688786239,1.7798112359242844,1.779811235924284,1.7798420113275781,1.7800882035483034,1.7802112978243947,1.7805190371831658,1.7806729068625509,1.7807652294038905,1.7810114216246158,1.7810114216246158,1.7799651056036694,1.7792288109108207
3.329998020082712,1.8114503184581423,1.811463857434466,1.8103116798958563,1.8094192335542956,1.811463857434466,1.8094192335542956,1.8093576864162497,1.8086498851573685,1.8092345921401585,1.809326914681498,1.8099423933990395,1.809450008957589,1.811463857434466,1.811463857434466,1.8114638574344664,1.812065797175684,1.812742823031271,1.811463857434466,1.8116657352755727,1.811463857434466,1.811463857434466,1.8121888914517752,1.8122196668550685,1.8121581197170231,1.8122504385898197,1.812496630810545,1.8127120476279763,1.81292746811395,1.813112109528087,1.8131736603346746,1.8134813996934462,1.8134813996934462,1.813358301748812,1.8114638574344655
3.479999543982558,1.7909277984776462,1.7909277984776462,1.7896229822757832,1.7895614351377374,1.7886382170614246,1.7888228584755617,1.7909277984776462,1.7878073178579097,1.7885766662548366,1.7885766662548366,1.7890382752929928,1.7909277984776462,1.7909277984776462,1.7909277984776462,1.7909277984776462,1.791407871290362,1.791992578273152,1.7909277984776462,1.7917156106491325,1.7909277984776462,1.7914386466936558,1.7913770995556104,1.791623291776335,1.7915925163730413,1.791561740969747,1.791684838914381,1.7918387085937666,1.792238770493877,1.7924541873113078,1.7924541873113078,1.7927927020733723,1.7928234738081243,1.792700379532033,1.7908539397108656
3.6199989360175095,1.8002577176208712,1.8002577176208712,1.8002577176208707,1.8002577176208707,1.7984151280879455,1.7979535153812471,1.7976765514257709,1.7976765514257709,1.7976457760224764,1.7977688739671105,1.79727648952566,1.8002577176208716,1.8002577176208712,1.8002577176208712,1.8002577176208712,1.8013694273995633,1.8012155577201776,1.801461749940903,1.8009078183614071,1.8010616880407926,1.8002577176208716,1.8006308507373876,1.8008154958200673,1.8008462712233617,1.8007231732787277,1.8009078183614076,1.8010309126374984,1.8015232970789483,1.8016771667583338,1.8016771667583333,1.80204645325515,1.80195413071381,1.801923358979059,1.8002577176208716
3.7700004600919783,1.7458143430886721,1.7458143430886721,1.7458143430886721,1.744082383952475,1.7428821982521432,1.7420205273138767,1.7427898793793466,1.7427283285727577,1.7458143430886721,1.7428514265173916,1.7422667195346015,1.7586076956269174,1.7458143430886721,1.7458143430886721,1.7458143430886721,1.7464827553531377,1.7463288820052099,1.7461442405910732,1.7459903709116877,1.7459288237736423,1.7454672110669434,1.7458143430886721,1.7457749540942566,1.7460519180497331,1.745836501232302,1.7460211426464387,1.746113465187779,1.7464827553531381,1.7466366250325236,1.7468212664466607,1.7469751361260464,1.7471597812087252,1.7469135889879996,1.7458143430886721
3.90999985212693,1.7477318576930707,1.7477318576930707,1.7477318576930707,1.7477318576930707,1.7477318576930707,1.7477318576930707,1.7477318576930707,1.744366723439346,1.7477318576930703,1.7443359517045949,1.7439666615392357,1.7477318576930707,1.7477318576930707,1.7536604623461436,1.7477318576930707,1.7481211502197267,1.7479980522750935,1.7478441825957076,1.7477210883196164,1.7475056678336427,1.7472902510162118,1.7477318576930707,1.7477318576930707,1.7476595375130277,1.747536443236937,1.7476595375130282,1.7479365051370472,1.748151921954478,1.7482750198991126,1.7484596613132497,1.7487674006720204,1.7487981760753142,1.7485827592578826,1.7477318576930707
4.059997559990734,1.7573882238971479,1.7573882238971479,1.7573882238971483,1.7620453509011758,1.7573882238971483,1.753767152612031,1.7543518595948207,1.754474953870912,1.7543210841915269,1.7545365046775,1.7548750157710222,1.7573882238971479,1.7573882238971483,1.7573882238971479,1.7573882238971483,1.7575523511271627,1.7580755073033638,1.7580447355686126,1.7571830646303457,1.7579831884305672,1.7585678917448142,1.7573882238971479,1.7575831265304565,1.7575831265304565,1.7578293187511818,1.758106282706658,1.7581678298447034,1.758444797468723,1.758537120010063,1.7586602142861538,1.7589064065068791,1.7589064065068796,1.7588140839655395,1.7573882238971479
4.1999969520256855,1.775495754169347,1.775495754169347,1.775495754169347,1.7757454979625347,1.7745145368589101,1.7754957541693466,1.7725450027616514,1.7726065535682392,1.7724219084855597,1.7727911949823763,1.772144944530083,1.7754957541693466,1.7754957541693461,1.7754957541693461,1.7772534193530944,1.7764532992214161,1.7754957541693466,1.7761763315973975,1.7762994295420311,1.7762071070006913,1.7760532373213063,1.7747607290796348,1.7758378205038754,1.7757762696972872,1.7762686541387371,1.7761147844593521,1.7763302012767832,1.7765456217627567,1.7766379406355532,1.7767918103149392,1.777038002535664,1.7772226476183428,1.7769456799943244,1.7754069832004709
4.349998476100154,1.7599174558501944,1.7595654012313557,1.7599174558501949,1.7599174558501944,1.758826828237723,1.7599174558501944,1.7599174558501949,1.7569188412785095,1.7568572941404645,1.7568880658752157,1.7563341342957195,1.7594730786900155,1.7599174558501944,1.7599174558501944,1.7599174558501944,1.7609502320143673,1.7601808799488974,1.760611717252302,1.7606117172523015,1.7603655250315762,1.7603963004348706,1.7600885574075573,1.7600885574075573,1.760180879948897,1.7605809418490077,1.7605809418490077,1.7607655869316874,1.7609810037491185,1.7611656488317977,1.761196420566549,1.7614118410525226,1.761565710731908,1.7613502902459344,1.759917455850194
4.5,1.7162568862243441,1.7151300870364907,1.7162568862243441,1.7284859847453535,1.7162568862243441,1.7130682303978926,1.7162568862243441,1.7124835234151023,1.7124835234151028,1.7123912008737632,1.712021914376947,1.7212541061456974,1.7162568862243441,1.7162568862243441,1.7162568862243441,1.7163302690682798,1.7166380084270505,1.7161456276541431,1.7164533670129143,1.7161148522508485,1.715899435433418,1.7158994354334176,1.7158378882953722,1.7158071128920784,1.7162994973335284,1.7162994973335284,1.7163610444715738,1.716576461289005,1.7167611063716846,1.716761106371685,1.7170072985924096,1.7172534871445926,1.71691497605107,1.7162568862243446
4.639999392034952,1.7608153959188513,1.76130067876745,1.7586919921422073,1.761461650039687,1.76130067876745,1.7588766372248865,1.76130067876745,1.7581380605627115,1.758230383104051,1.7581380605627115,1.7577380023311433,1.7648467866547082,1.76130067876745,1.76130067876745,1.76130067876745,1.7623848681159988,1.7620771287572286,1.7620155816191823,1.7620155816191827,1.7618309365365028,1.7618617119397968,1.7613006787674494,1.7614924254429807,1.761553972581026,1.7615539725810265,1.762046357022477,1.762138675895274,1.7622925492432022,1.762507966060633,1.7626310603367243,1.7627541582813584,1.7630618976401289,1.7626618357400181,1.76130067876745
4.7899971000733785,1.7143536215259563,1.7143536215259563,1.7135984736338743,1.7143536215259563,1.7143536215259567,1.7123059690607456,1.7100902427427618,1.7109211419462766,1.7112904284430936,1.7108595911396884,1.710644174322258,1.7143536215259563,1.7143536215259567,1.7254464536207197,1.7143536215259572,1.7150756269582252,1.7140600863405728,1.7148909818755453,1.714614017920069,1.7146447896548207,1.7143536215259563,1.7143370502960495,1.7143678256993433,1.7144293728373892,1.7144601482406834,1.7145524671134804,1.7151063986929762,1.7151371740962702,1.7153833663169953,1.7155372359963814,1.7157526528138123,1.7158449753551515,1.7156295585377206,1.7142139560199579
4.930000307969749,1.7036307555899293,1.7036307555899288,1.702715564922682,1.7036307555899288,1.7036307555899288,1.7011768644602854,1.6994227508490007,1.7001920992459276,1.7004998386046986,1.6992073340315699,1.7036307555899293,1.7036307555899288,1.7036307555899288,1.709885900052835,1.7036307555899288,1.704254261716536,1.7036307555899288,1.7039465223577654,1.7038849752197196,1.7036307555899293,1.7036080112642427,1.7035464604576551,1.7035464604576551,1.7036387829989952,1.703608011264243,1.7037311055403344,1.7043158125231246,1.7044696822025105,1.704531229340556,1.7046543236166467,1.7088703557666411,1.705054385516758,1.704746646157987,1.7036307555899293
5.079998016008176,1.7510309583952333,1.7507924617067472,1.7510309583952328,1.7510309583952333,1.7510309583952328,1.7510309583952333,1.7473150025503856,1.748084350947313,1.7484844128474222,1.747961256671221,1.7487921522061938,1.7510309583952328,1.7510309583952324,1.7510309583952328,1.7510309583952333,1.751223295341609,1.7511309728002689,1.7518387740591497,1.7517772269211043,1.7515310347003792,1.751407940424288,1.7512540707449022,1.7514694875623338,1.7515618101036734,1.7514694875623342,1.7517156797830584,1.75174645151781,1.7521772888212146,1.7523927056386461,1.7525465753180312,1.7527004449974166,1.7527927675387565,1.7525773507213254,1.7510309583952328
5.2299995519570075,1.7977506924479927,1.7977506924479922,1.7970093195226489,1.7977506924479922,1.7977506924479922,1.7977506924479922,1.7952244305080696,1.7949166911492984,1.7951013325634355,1.7947320460666192,1.7977506924479922,1.7959630035017025,1.7977506924479922,1.7977506924479922,1.7977506924479922,1.7985480163165024,1.7984556974437054,1.7983941466371172,1.798486469178457,1.7977506924479922,1.7977506924479922,1.7978402150576214,1.797963313002255,1.7980248601403008,1.7979940884055492,1.798271052361026,1.7993789155200177,1.7986711142611362,1.798948078216613,1.7990096290232012,1.7992250458406325,1.7992865929786779,1.799071176161247,1.7977506924479927
5.369998932117596,1.765027788874654,1.7649366492971827,1.765027788874654,1.763244082823943,1.765027788874654,1.7632133074206493,1.762567056968356,1.765027788874654,1.7627209266477417,1.7624439590237222,1.7626286041064019,1.7615207409474098,1.765027788874654,1.765027788874654,1.765027788874654,1.7662291575388542,1.7650597472418166,1.7658290956387435,1.7658906427767898,1.765767548500698,1.765459809141927,1.765459809141927,1.765398258335339,1.7654905808766785,1.7655829034180182,1.7657367730974038,1.7658598710420377,1.7663522518149455,1.7665368968976247,1.7665368968976247,1.7666907665770104,1.7669061833944413,1.7666599911737162,1.765027788874654
5.520000468066428,1.8246527530323124,1.8246527530323136,1.8234204570577113,1.8246527530323124,1.8246527530323124,1.824652753032313,1.8246527530323124,1.8220356299432423,1.8222818184954253,1.822158724219334,1.8229280726162613,1.8234204570577113,1.824652753032313,1.8221279488160398,1.8246527530323124,1.8249283821168132,1.8254207628897214,1.825666955110447,1.8246527530323136,1.8252668932103362,1.825020700989611,1.8249899292548595,1.8250514763929049,1.8250514763929049,1.8252361214755848,1.8253899911549698,1.8255130854310615,1.8260362452758057,1.8263439846345764,1.8261285641486031,1.8263747563693276,1.8246527530323124,1.8262208866899419,1.824652753032313
5.659999848052394,1.7496753578287956,1.7496753578287956,1.7482779934022905,1.7496753578287956,1.7490781135339688,1.7466777458018483,1.7472932245193902,1.7459391691396733,1.7474163224640236,1.7471085831052535,1.7477856089608406,1.7496753578287956,1.7496753578287951,1.7496753578287951,1.7512938398519522,1.7498474655994378,1.7507399082724568,1.7516323546140176,1.750339846372346,1.7502782992343002,1.7498782373341903,1.7499397844722362,1.7499397844722362,1.7499090127374846,1.7501552049582099,1.7502782992343011,1.7504321689136861,1.7508630062170913,1.7512015173106135,1.751047647631228,1.7512630681172014,1.751355386989999,1.7512630681172014,1.7496753578287956
5.810001384001225,1.8006222726659242,1.7996682791863177,1.800252986169108,1.7992682172862073,1.8009163352905226,1.7979449373097844,1.798560416027326,1.798252676668555,1.7984680971545286,1.7982526766685545,1.7979449373097844,1.8009163352905226,1.8009163352905226,1.8087158258723897,1.8009163352905226,1.8009163352905226,1.8013916210628511,1.8017609112282102,1.8015454907422361,1.8013916210628507,1.80108388170408,1.8010531099693288,1.8012069796487145,1.8011762042454202,1.801360849328099,1.8015147190074845,1.8016378132835764,1.8021609731283206,1.802253292001118,1.8022840674044123,1.8025302596251371,1.8009163352905226,1.8024379370837973,1.800916335290523
5.95999527600361,1.7890563260743302,1.7890563260743302,1.787754349183288,1.7874773852278112,1.7890563260743302,1.786431069206865,1.7871080987309946,1.7866157142895447,1.785907913030663,1.786646489692839,1.7863079749307742,1.7890563260743306,1.7890563260743302,1.7890563260743302,1.7890563260743297,1.7894776910598214,1.7907394238981986,1.7900008509045655,1.789723883280547,1.7896931115457955,1.7894776910598218,1.7893238213804359,1.789508466463116,1.7895084664631156,1.78953924186641,1.789846981225181,1.7900316226393176,1.7904624599427217,1.7907086521634474,1.7906778767601537,1.790800974704787,1.7909240689808783,1.7907701993014933,1.7890563260743302
6.10000228806166,1.816165088378281,1.816165088378281,1.8148984333830187,1.816165088378281,1.8152061727417899,1.814375273538275,1.8139136645001184,1.8135443780033018,1.8139444399034126,1.813421283727211,1.8161650883782814,1.816165088378281,1.816165088378281,1.816165088378281,1.816165088378281,1.817268029380388,1.8161909379561476,1.8169602863530747,1.8167140978008927,1.816498677314919,1.8162832604974872,1.8163448076355335,1.8164371301768727,1.816406354773579,1.816498677314919,1.8167448695356438,1.8168987392150293,1.8173603482531855,1.817452670794525,1.8176065404739112,1.8177296384185442,1.8177604101532963,1.8176680876119562,1.816165088378281
6.249996192113031,1.7680794605547927,1.7680794605547931,1.76692600515684,1.7664643961186834,1.7680794605547927,1.7657258231250503,1.766248979301252,1.7646179599660583,1.7661258850251607,1.7657258231250503,1.7654488555010304,1.767233748184153,1.7680794605547927,1.7680794605547927,1.7680794605547927,1.7692956011542085,1.7691109597400718,1.7690186371987315,1.7688339921160519,1.768557028160575,1.7684954773539874,1.768341607674602,1.7684647056192353,1.7684647056192353,1.768587799895327,1.7688955392540981,1.7690186371987315,1.769387923695548,1.7696648913195672,1.769726438457613,1.7700034024130893,1.7698495327337038,1.7699110798717497,1.7680794605547927
6.389995583973359,1.8050753697812072,1.804966476574352,1.8046895126188751,1.803243134697819,1.8050753697812072,1.8050753697812072,1.8050753697812072,1.8026892031183228,1.8030277178803877,1.802535333438937,1.8021660469421208,1.803827841680608,1.8050753697812072,1.8050753697812072,1.8050753697812072,1.8052742159331225,1.8058896946506644,1.8048741540330124,1.8055204081538474,1.805551183557142,1.8052434441983711,1.805304991336417,1.805335763071168,1.805304991336417,1.8054588610158024,1.8056127306951875,1.8058896946506644,1.8061974376779777,1.8064744016334544,1.8065051770367482,1.8067821409922251,1.8068129163955189,1.8067821409922251,1.8050753697812072
6.539997108047828,1.7958000400859357,1.7958000400859357,1.794044784063333,1.7933985299424966,1.8048464443606893,1.7927522794902038,1.7935831750251763,1.7958000400859357,1.7932754356664053,1.7931831131250653,1.7933985299424962,1.7989686174722075,1.7958000400859364,1.7960450935638854,1.7958000400859357,1.7955219337191413,1.79521419436037,1.7959527710225458,1.7956758033985263,1.7956142562604804,1.7958000400859353,1.7953988394430493,1.7955527091224346,1.79561425626048,1.7956142562604804,1.7958604484812055,1.7961989632432704,1.7964451554639957,1.796722119419472,1.796722119419472,1.7970298587782432,1.7969990833749487,1.7969683116401973,1.7958000400859364
6.67999650008278,1.7814433618162808,1.7814433618162808,1.7803047262170482,1.780520143034479,1.7814433618162808,1.7787044786166066,1.7797200192342586,1.7781813224404042,1.7797200192342586,1.7794430552787817,1.7787352540199004,1.7814433618162808,1.7814433618162808,1.7814433618162804,1.7814433618162808,1.7825204488664894,1.7828281918938027,1.7813202668347001,1.7820896152316275,1.781874198414196,1.7816895533315162,1.7816895533315162,1.7818126476076075,1.7818741984141955,1.7819049701489476,1.7821203906349212,1.7823358074523525,1.782705093949169,1.7829205107666,1.7829205107665995,1.7831667029873244,1.783197478390619,1.7832282501253707,1.7814433618162808
6.8299980239826255,1.8109721294734598,1.8106127328432289,1.8095971922255774,1.8101203484017798,1.8109721294734598,1.8087662966906048,1.8091663585907156,1.8082431368458605,1.8088278438286503,1.8109721294734593,1.8081508179730632,1.8109721294734593,1.8116590488641757,1.8125207198024427,1.8109721294734598,1.811043570146634,1.812120657902332,1.8114436320467449,1.8113205341021112,1.8111666644227253,1.8109512476052942,1.8109512476052942,1.81110511728468,1.8111358890194316,1.8112589869640654,1.8114436320467449,1.8116898205989278,1.8120283353609927,1.8121822050403777,1.8122129804436715,1.812489944399149,1.8124899443991478,1.8125207198024427,1.8109721294734598
6.979999548057094,1.8277112823171677,1.8274170823749454,1.826309219215954,1.8260630306637715,1.8277112823171682,1.8277112823171677,1.8277112823171673,1.8251398089189157,1.826001479857183,1.825416776542936,1.8277112823171677,1.8261553495365686,1.8277112823171677,1.8277112823171673,1.8277112823171673,1.827786372540304,1.8285557209372316,1.8275094049162854,1.8282479815784616,1.827971013954442,1.8278479196783513,1.8277248217337163,1.8278479196783508,1.8278786914131024,1.8279710139544416,1.8281248836338266,1.8284326229925978,1.8287711377546632,1.828955782837342,1.828955782837342,1.8292327467928193,1.8292327467928189,1.8292327467928189,1.8277112823171673
7.119998940092046,1.8098334558987557,1.809210875588363,1.8082876575120506,1.8088108136882521,1.8071490189497648,1.8098334558987557,1.8098334558987557,1.8071490189497648,1.8088108136882521,1.807425982905241,1.806995149270379,1.8174275230709196,1.8098334558987557,1.8098334558987557,1.8098334558987557,1.810441833023446,1.8098334558987557,1.810164869067969,1.8100725465266294,1.8097648071678587,1.8096109374884737,1.8095493866818853,1.8097032563612707,1.8097648071678587,1.8098571297091985,1.8100417711233356,1.8102879633440607,1.8105957027028314,1.810780347785511,1.810749572382217,1.811026540006236,1.8109957646029418,1.8109957646029418,1.8098334558987557
7.270000463991892,1.7716097204010217,1.7714937279999772,1.7706012816584165,1.7709705681552326,1.7695549656374698,1.7682009102577525,1.7699550275375806,1.7694318713613786,1.7700473500789202,1.7716097204010217,1.7716097204010213,1.7685086532850662,1.7716097204010217,1.7716097204010217,1.7716097204010217,1.7719553370381338,1.7716783694141143,1.7724477178110412,1.7722938481316552,1.7720784313142242,1.7716097204010208,1.7720168841761788,1.771986108772885,1.772078431314225,1.7721092067175184,1.772416946076289,1.7726939100317658,1.772940102252491,1.773093971931877,1.7732170698765106,1.7733401641526014,1.7734324866939415,1.7733093887493077,1.7716097204010213
7.409999856026843,1.7699656273491273,1.769732770035933,1.7686249068769413,1.7691480667216861,1.7688095519596208,1.766532278503592,1.7682863957834187,1.767701688800629,1.7699656273491273,1.7684402654628038,1.768748004821575,1.77117914795699,1.7699656273491273,1.7693019364010711,1.770871408598219,1.7709637311395587,1.7707175389188334,1.7705021184328602,1.7702559298806773,1.7702251544773835,1.769732770035933,1.7701636073393376,1.7701020565327494,1.770071284797998,1.7702251544773835,1.7704097995600627,1.7706559881122454,1.7709637311395587,1.77117914795699,1.7713022422330813,1.771394564774421,1.7713637893711267,1.7713637893711267,1.7699656273491273
7.560001380101312,1.8460205019134903,1.8460205019134903,1.8445531996530276,1.8451071312325233,1.8460205019134903,1.8460205019134903,1.8460205019134903,1.8437223004495122,1.8440915906148714,1.8449532615531383,1.8460205019134903,1.8460205019134903,1.8460205019134899,1.8465535054850377,1.8470151181917367,1.8459072550327444,1.8465227337502865,1.846584280888332,1.8462149943915156,1.8459688021707903,1.8458457042261565,1.845045584094478,1.845938026767496,1.8460303493088357,1.846122671850176,1.8463996358056523,1.846584280888332,1.8468920202471026,1.847045889926488,1.8463688640709006,1.8473536292852588,1.846276541529561,1.8474151764233047,1.8460205019134903
7.700000771961641,1.7871531180972484,1.7865613117791719,1.7864382138345378,1.7862843441551528,1.7852688035375008,1.7856380937028595,1.7854226732168859,1.7839762989643726,1.7871531180972489,1.7871531180972489,1.7871531180972484,1.7876691749381635,1.7871531180972484,1.7871531180972484,1.7871531180972484,1.7879153671588892,1.7877307220762093,1.787699946672915,1.7874229827174384,1.7871767904967135,1.787022920817328,1.7871460150934193,1.7869921454140338,1.7870844679553735,1.7872075659000073,1.7874229827174384,1.787669174938164,1.788038461434981,1.7881923311143664,1.7882538782524118,1.7886539401525217,1.7885923930144763,1.7885000704731366,1.7871531180972489
7.850002296036109,1.8517525564764024,1.851752556476402,1.8501861621864382,1.8506477712245943,1.8500630642418041,1.8501553867831435,1.8502169375897315,1.8495399080656016,1.8504323544071628,1.8498476474243728,1.850093839645098,1.8608647282077029,1.8507708655006847,1.8517525564764015,1.8524018885044211,1.8515709893009058,1.8513555724834752,1.852032598339062,1.851755634383586,1.8516633118422459,1.8516017647042,1.8514786667595664,1.8515709893009067,1.8516017647042,1.8517248589802922,1.8519095040629716,1.8521556962836967,1.8525249827805128,1.8526480807251466,1.8527711750012374,1.8530481389567144,1.8530173672219628,1.8529250446806236,1.8517525564764024
7.990001688071061,1.841521560107524,1.8412180668969804,1.8402640734173739,1.8414950308524578,1.840233298014081,1.8405102656381,1.839371627075814,1.8398024643792181,1.8394639496171528,1.8391562102583823,1.8406025845108966,1.8416181251285486,1.841521560107524,1.8421720567080444,1.841521560107524,1.841521560107524,1.8415258062557516,1.8421720567080444,1.8420489624319536,1.8418643173492746,1.8416489005318428,1.8415565779905037,1.8417104476698887,1.8417104476698882,1.8418643173492746,1.8420797378352483,1.8423259263874303,1.8426644411494952,1.8427875390941293,1.842972180508266,1.8431568255909456,1.8430952784529002,1.8430337276463118,1.841521560107524
8.139995580073446,1.8355669898031808,1.8351438470056967,1.8342514043326785,1.835328492088376,1.8344052740120635,1.834466821150109,1.8344360457468152,1.8341283063880436,1.8344360457468147,1.8331127657703916,1.8355669898031808,1.8355669898031808,1.834836107646926,1.8355669898031808,1.8356054560438522,1.83556698980318,1.8354515863644667,1.8362209384299366,1.8360978404853023,1.8357593257232374,1.8355131371710554,1.8356362314471462,1.8356977785851916,1.8357901011265316,1.8357285539884858,1.8360055179439625,1.8361593876233477,1.8366825474680923,1.836774870009432,1.836867188882229,1.837144156506249,1.837174928241001,1.8370210585616151,1.8355669898031808
8.279994972108398,1.83497522586446,1.83497522586446,1.8335277101517307,1.834112413465978,1.8334969347484362,1.8335584855550244,1.8338046741072074,1.83497522586446,1.83371235523441,1.8325121695340791,1.8341431888692727,1.83497522586446,1.8349752258644596,1.83497522586446,1.8358665307458055,1.8360204004251908,1.835651113928375,1.8354664688456959,1.8352510520282648,1.8350048598075397,1.8349125372661994,1.8348202147248598,1.8348509901281536,1.834881765531448,1.835035635210833,1.8351587294869247,1.8353741463043551,1.8358973061490995,1.8359896286904396,1.836235817242623,1.8364512377285966,1.8363896869220082,1.836205045507871,1.83497522586446
8.429996496008243,1.841899657827859,1.841899657827859,1.8409456643482525,1.8420535275072445,1.8413765016516574,1.8413457262483632,1.8424053765654171,1.8400532180066917,1.8411918565689775,1.841037986889592,1.8408533418069117,1.8427613287661255,1.8424053765654165,1.8429767455835568,1.843346035748916,1.8424053765654171,1.8431921624009877,1.8428844230422172,1.8426690062247864,1.842422814004061,1.8423920422693094,1.842238172589924,1.842238172589924,1.842422814004061,1.8424535894073548,1.8426382344900347,1.8429459738488052,1.843253713207576,1.8434691300250072,1.843715322245732,1.8438999636598687,1.8438691919251176,1.843715322245732,1.8424053765654171
8.569995888043195,1.863260570476354,1.8638463367824256,1.8622758015934535,1.863260570476354,1.8629220557142891,1.8625835446207668,1.8631067007969684,1.8623681241347934,1.8618141925552973,1.8624296749413813,1.8638463367824252,1.8641530168179148,1.8638463367824256,1.8647684955354564,1.8647069483974106,1.8638463367824256,1.8644299807733915,1.8643068864973003,1.8641222414146208,1.8638145020558503,1.8637221795145107,1.8636914041112158,1.8636606323764648,1.8636914041112158,1.8638452737906015,1.8640299188732807,1.8643684336353457,1.8647684955354564,1.8648300426735023,1.8650146877561815,1.8651993291703184,1.8651993291703184,1.8651993291703184,1.8638463367824252
8.719997412117664,1.853270939599151,1.8537610441093542,1.852255398981499,1.8532093924611055,1.851578373125912,1.8525939137435643,1.8528401059642896,1.8525015912022242,1.8537610441093546,1.8525323666055185,1.8537610441093546,1.8537610441093542,1.8537610441093542,1.8545326724375282,1.8546865421169136,1.8545326724375286,1.8534248092785366,1.8542864802168035,1.8540710633993729,1.853732548637308,1.8536094543612163,1.8535479072231704,1.8536710014992621,1.853578678957922,1.8538248711786474,1.8540710633993724,1.8541941576754637,1.8546865421169136,1.854778864658254,1.8537610441093542,1.8551789265583638,1.85524047369641,1.8551173794203184,1.8537610441093546
8.859996803977992,1.8624553031632285,1.8625168539698165,1.8615628604902104,1.862547625704568,1.8619321469870265,1.8610089289107141,1.8621167920697057,1.8619013715837323,1.8622398863457974,1.8624245314284773,1.8630529152502628,1.862763042521999,1.8630529152502624,1.8639324564875792,1.8639324564875792,1.8638401339462392,1.8627014953839531,1.8637785831396512,1.863224655228698,1.862978463007973,1.8629169122013847,1.862886140466633,1.8628245933285872,1.862886140466633,1.8630400101460185,1.863224655228698,1.8635016191841742,1.8639324564875792,1.8640555507636705,1.8642094204430557,1.8644556126637808,1.8644863843985324,1.8643632901224412,1.8630529152502624
9.009998328052461,1.859037776173602,1.8584110120409567,1.857580116505984,1.8585648817203422,1.8581340480854798,1.8578570804614607,1.859037776173602,1.8569338623851486,1.8579494030028005,1.8575185693679386,1.859037776173602,1.8587495268030214,1.8592111358411776,1.8589033964824067,1.8599497125033528,1.8598266145587183,1.8595804223379933,1.8596419731445812,1.8592111358411767,1.8589341718857009,1.8587803022063158,1.8588418493443613,1.8588110739410673,1.8588726210791122,1.8590572661617917,1.8592111358411771,1.859549650603242,1.8597650674206736,1.8599804842381045,1.8601959047240781,1.860411321541509,1.8604113215415095,1.8602882235968756,1.859037776173602
9.149997720087413,1.8464605161004815,1.8464605161004815,1.8447535853266763,1.8458614484856686,1.844168882012429,1.845153647226787,1.8446920381886305,1.845153647226787,1.845492161988852,1.8456768070715315,1.8464605161004815,1.8513084417392882,1.8465384780097978,1.8471231813240452,1.8471539567273387,1.8462922857890727,1.8459845464303015,1.846784670230523,1.8465692497445498,1.8461999632477326,1.8460460935683474,1.8461691878444386,1.8460768689716422,1.846169187844439,1.8462615103857785,1.8465692497445498,1.8466923476891826,1.8470924095892938,1.8473078264067242,1.8474924714894034,1.847615565765495,1.8476771129035408,1.8477386600415866,1.846460516100481
9.299999243987259,1.8835204546039659,1.884474448083573,1.8835512300072597,1.8834896792006721,1.8841359333215075,1.8840743861834617,1.8843821255422324,1.8838281939627366,1.883335809521286,1.8850283796630678,1.8850514593812673,1.885766952656701,1.8860439202807198,1.8858900506013347,1.886013144877426,1.8850283796630678,1.8846283177629581,1.8855823112425636,1.8852745718837935,1.8850591513978194,1.884751412039049,1.8848745099836823,1.884843734580389,1.884905281718434,1.8850283796630678,1.885336119021839,1.8854592132979306,1.8857977280599951,1.8860439202807198,1.8861977899601055,1.8863824350427847,1.8864747539155822,1.8864439821808305,1.8850514593812677
9.43999863602221,1.8755325894175554,1.874936599709926,1.8741672513129994,1.874782730030541,1.8750289222512662,1.874751958295789,1.8750596976545606,1.8745365378098158,1.8736748668715493,1.8755520784274677,1.8755828538307622,1.8755325894175559,1.8755325894175559,1.8754905312894223,1.876444524769029,1.8754597595546707,1.8752443390686968,1.8750904693893116,1.8757367235101476,1.875490531289422,1.8752443390686968,1.8753058898752848,1.8753366616100369,1.875428984151376,1.875490531289422,1.8758290460514868,1.8759521403275785,1.8762906550896434,1.876629169851708,1.8766599415864595,1.87696768094523,1.8769061338071842,1.8769061338071842,1.8755325894175554
9.590000160096679,1.8961512247721306,1.8954013668525334,1.8946012430523123,1.895339816045945,1.89558600826667,1.8953090443111933,1.8946627901903572,1.8950320766871742,1.8961512247721306,1.8957091062113036,1.8950013049524217,1.8967554185637068,1.8968169693702952,1.8968477411050464,1.8969400636463865,1.89615122477213,1.8967554185637072,1.896447679204936,1.8962322623875056,1.8959552984320283,1.8956475590732578,1.89577065334935,1.8958629758906895,1.8959552984320291,1.8959860701667803,1.8962014906527545,1.8964169074701853,1.8967861939670014,1.897124708729066,1.8971554804638175,1.8974324480878364,1.8974324480878373,1.8973709009497914,1.8961512247721306
9.729999551957007,1.8858594474930348,1.8859517663658327,1.8849054540134291,1.8857055741451074,1.8857363495484014,1.8858902192277864,1.886044088907172,1.885490157327676,1.8865980208661721,1.8863210565311914,1.8865980208661721,1.8865980208661728,1.8872442746075042,1.887459691424935,1.8872442746075042,1.8865980208661728,1.8871211766628702,1.8868134373040992,1.8866595676247135,1.8864441508072827,1.8865364733486223,1.886167186851806,1.8862595057246034,1.8862902811278972,1.8863826036692368,1.8865672487519163,1.8868134373040988,1.8871519520661637,1.8874904668282284,1.8874904668282284,1.8877982061869996,1.8877674307837053,1.8877366590489537,1.8865980208661728
9.880001076031476,1.8764309220325834,1.8757252423297985,1.87474047711544,1.8755713726504124,1.8755713726504128,1.8746173791708067,1.875694470595047,1.8745866074360547,1.8764309220325834,1.880587528600627,1.8762484021745423,1.876430922032583,1.8761868513679543,1.8764309220325834,1.8771100731128092,1.8762791739092939,1.8768331054887901,1.8766176886713593,1.8763714964506335,1.8761868513679543,1.8761560796332022,1.8759714345505236,1.876032981688569,1.876032981688569,1.8761868513679536,1.8763407247158823,1.8766484640746535,1.8769254280301302,1.8772947145269467,1.8773562653335347,1.8775409067476705,1.877602453885717,1.8774793596096255,1.8764309220325834
10.020000468066428,1.8840039379778293,1.883380516629028,1.8823957514146699,1.8832881940876882,1.883165099811597,1.883226646949642,1.8835959334464585,1.8830727772702565,1.8840039379778288,1.8836267088497523,1.8822726534700354,1.8845499269260646,1.8846730248706984,1.8849807642294691,1.8849192170914237,1.8847345720087438,1.884242187567294,1.884396057246679,1.884119093291203,1.8835959334464585,1.8836267088497523,1.8835651617117064,1.883595933446458,1.8836267088497523,1.8837498031258435,1.883934448208523,1.8842114158325423,1.8844576043847259,1.8847961191467901,1.8849192170914242,1.8851961810469,1.8851654056436067,1.885042311367515,1.8840039379778288
